surname,given_name,status,rank,unit,date_death,place_death,country_death,cause_of_death,main_battles,date_birth,place_birth,place_of_transcription_of_death,place_of_burial,recruitment_office,recruitment_roll_number,class,document_reference,reference,sources
,,,,,,,,,,,,,,,,,,,
AHN,Bo-Gbox,militaire,soldat sud-coréen,bataillon français de l'ONU (BF/ONU) - 2e compagnie,02-1951,Chipyong-Ni,Corée,,Chipyong-Ni,,Corée,,,,,,,Non Mort pour la France,"Service historique de la Défense, Caen"
AHN,Sang-Song,militaire,soldat sud-coréen,bataillon français de l'ONU (BF/ONU) - 2e compagnie,01-1951,Wonju,Corée,,Wonju,,,,,,,,,Non Mort pour la France,"Service historique de la Défense, Caen"
ALBISSON,Pierre Noël,militaire,soldat,bataillon français de l'ONU (BF/ONU) - 1re compagnie,25-07-1952,Song Chong Dong - région de Chorwon,Corée,tué au combat,T-Bone,05-04-1931,Neuvéglise,"Paris 15e arrondissement (75 - Paris (ex Seine), France)","Bagneux (92 - Hauts-de-Seine (ex Seine et Seine-et-Oise), France)",,22868,1951,AC 35 R 1,Mort pour la France,"Service historique de la Défense, Caen"
ANGENOT,Michel Marcel Marie,militaire,caporal,bataillon français de l'ONU (BF/ONU) - 1re compagnie,07-10-1952,Myojang Myon,Corée,,Arrowhead,16-08-1926,Saumur,"Aix-en-Provence (13 - Bouches-du-Rhône, France)","Quimperlé (29 - Finistère, France)",,,,AC 35 R 2,Mort pour la France,"Service historique de la Défense, Caen"
ASKEUR,Messaoud,militaire,soldat,bataillon français de l'ONU (BF/ONU) - 1re compagnie,07-10-1952,Myojang Myon,Corée,mort au champ d'honneur,Arrowhead,23-03-1916,Douard Toureline - commune mixte d,,Pusan (Corée),,,,AC 35 R 3,Mort pour la France,"Service historique de la Défense, Caen"
AUGE,Georges Pierre,militaire,caporal-chef,bataillon français de l'ONU (BF/ONU),05-03-1951,Munchi,Corée,des suites de blessures,cote 1037,25-08-1927,Pau,"Pau (64) (64 - Pyrénées-Atlantiques (ex Basses-Pyrénées), France)","Pau (64) (64 - Pyrénées-Atlantiques (ex Basses-Pyrénées), France)",,,,AC 35 R 4,Mort pour la France,"Service historique de la Défense, Caen"
BABIN,Louis Joseph Théophile Marie,militaire,caporal,bataillon français de l'ONU (BF/ONU),18-09-1951,Chohanggol - cote 841,Corée,tué au combat,Crèvecoeur,27-08-1927,Saint-Brieuc,"Saint-Brieuc (22 - Côtes-d'Armor (ex Côtes-du-Nord), France)","Saint-Brieuc (22 - Côtes-d'Armor (ex Côtes-du-Nord), France)",,760,,AC 35 R 5,Mort pour la France,"Service historique de la Défense, Caen"
BALFET,Jean Emile,militaire,caporal-chef,bataillon français de l'ONU (BF/ONU) - 1re compagnie,27-01-1952,Pajae - région de Kumwha,Corée,tué au combat,Triangle de fer,12-09-1929,Castres,"Castres (81 - Tarn, France)","Castres (81 - Tarn, France)",Toulouse (31),,1949,AC 35 R 6,Mort pour la France,"Service historique de la Défense, Caen"
BARDINAL,Georges,militaire,soldat,bataillon français de l'ONU (BF/ONU),14-02-1951,Chipyong-Ni,Corée,tué au combat,Chipyong-Ni,26-04-1923,Cognac,,Pusan (Corée),,,,AC 35 R 7,Mort pour la France,"Service historique de la Défense, Caen"
BARRES,Gaston Julien Henri,militaire,soldat,bataillon français de l'ONU (BF/ONU),06-10-1952,Myojang Myon,Corée,tué au combat,Arrowhead,06-07-1916,Salles-de-Gardan,"Ris-Orangis (78 - Yvelines (ex Seine-et-Oise), France)","Salles-du-Gardon (Les) (30 - Gard, France)",,,,AC 35 R 8,Mort pour la France,"Service historique de la Défense, Caen"
BEARD,Pierre René Marie,militaire,soldat,bataillon français de l'ONU (BF/ONU),05-03-1951,Munchi - cote 1037,Corée,des suites de blessures,cote 1037,18-09-1924,Yaté,"Villeurbanne (69 - Rhône, France)","Évian-les-Bains (74 - Haute-Savoie, France)",,,,AC 35 R 9,Mort pour la France,"Service historique de la Défense, Caen"
BELHOMMET,Yves,militaire,sergent-chef,bataillon français de l'ONU (BF/ONU) - 3e compagnie,10-01-1951,Majon - région de Wonju,Corée,tué par balle,Wonju,26-07-1924,Bouvellemont,"Issancourt-et-Rumel (08 - Ardennes, France)","Isancourt (08 - Ardennes, France)",,7403,,AC 35 R 10,Mort pour la France,"Service historique de la Défense, Caen"
BERENI,René Charles,militaire,caporal,bataillon français de l'ONU (BF/ONU) - 3e compagnie,01-02-1951,Muchon - près de Chipyong-Ni,Corée,tué par balle,Twin-Tunnels,07-07-1929,Marseille,"Marseille (13 - Bouches-du-Rhône, France)","Marseille (13 - Bouches-du-Rhône, France)",,,1949,AC 35 R 11,Mort pour la France,"Service historique de la Défense, Caen"
BERGAMASCHI,André,militaire,soldat,bataillon français de l'ONU (BF/ONU),28-05-1952,Kaepyong,Corée,noyade,Hors combat,09-12-1923,Lons-le-Saunier,,"Lons-le-Saulnier (39 - Jura, France)",,11027,1943,AC 35 R 12,Mort pour la France,"Service historique de la Défense, Caen"
BERNARDINIS,Louis Pierre,militaire,caporal-chef,bataillon français de l'ONU (BF/ONU),01-09-1951,Tokyo - hôpital,Japon,tué à l'ennemi,Le Bol,04-04-1924,Epagny,"Pont-Saint-Mard (02 - Aisne, France)","Pont-Saint-Mard (02 - Aisne, France)",,,,AC 35 R 13,Mort pour la France,"Service historique de la Défense, Caen"
BERRE,François Marie,militaire,sergent,bataillon français de l'ONU (BF/ONU) - 3e compagnie,07-10-1952,Myojang Myon,Corée,des suites de blessures,Arrowhead,18-12-1925,Plerin,"Châteaulin (29 - Finistère, France)","Châteaulin (29 - Finistère, France)",Rennes (35),,,AC 35 R 14,Mort pour la France,"Service historique de la Défense, Caen"
BERTRAND,Maurice Paul,militaire,soldat,bataillon français de l'ONU (BF/ONU),05-03-1951,Munchi,Corée,tué au combat,cote 1037,13-12-1929,Paris 18e arrondissement,"Paris 15e arrondissement (75 - Paris (ex Seine), France)","Thiais (94 - Val-de-Marne (ex Seine et Seine-et-Oise), France)",,,,AC 35 R 15,Mort pour la France,"Service historique de la Défense, Caen"
BETTI,René Marcel,militaire,soldat,bataillon français de l'ONU (BF/ONU) - 1re compagnie,10-01-1951,Majon - région de Wonju,Corée,tué par balle,Wonju,07-01-1928,Toulouse,"Toulouse (31 - Haute-Garonne, France)","Toulouse (31 - Haute-Garonne, France)",,,,AC 35 R 16,Mort pour la France,"Service historique de la Défense, Caen"
BIAN,François Marie Elie,militaire,soldat,bataillon français de l'ONU (BF/ONU) - 1re compagnie,01-02-1951,Muchon - près de Chipyong-Ni,Corée,tué au combat,Twin-Tunnels,20-12-1927,Kergrist-Moëlou,"Kergrist-Moëlou (22 - Côtes-d'Armor (ex Côtes-du-Nord), France)",Pusan (Corée),,,,AC 35 R 17,Mort pour la France,"Service historique de la Défense, Caen"
BILLON,Marcel Anatole Adrien,militaire,soldat,bataillon français de l'ONU (BF/ONU) - 3e compagnie,13-01-1951,Muchon - près de Chipyong-Ni,Corée,tué au combat,Chipyong-Ni,01-04-1922,Gilles,"Longues (78 - Yvelines (ex Seine-et-Oise), France)","Longues (76 - Seine-Maritime (ex Seine-Inférieure), France)",,,,AC 35 R 18,Mort pour la France,"Service historique de la Défense, Caen"
BIZIEN,Hervé Marie,militaire,caporal,bataillon français de l'ONU (BF/ONU) - 1re compagnie,11-10-1951,Santae-Ri,Corée,tué au combat,Crèvecoeur,24-08-1916,Lanrivoare,"Brest (29 - Finistère, France)","Lambézellec (29 - Finistère, France)",,,,AC 35 R 19,Mort pour la France,"Service historique de la Défense, Caen"
BIZIEUX,Bernard Georges André,militaire,caporal-chef,bataillon français de l'ONU (BF/ONU),17-05-1951,Yong Nae-Ri,Corée,tué au combat,Putchaetul,22-05-1928,Cherré,"Cherré (72 - Sarthe, France)","Cherre (72 - Sarthe, France)",Rennes (35),,1948,AC 35 R 20,Mort pour la France,"Service historique de la Défense, Caen"
BLANC,Albert Lucien,militaire,soldat,bataillon français de l'ONU (BF/ONU),01-02-1951,Muchon - près de Chipyong-Ni,Corée,tué par balle,Twin-Tunnels,30-05-1929,Nice,"Nîmes (30 - Gard, France)","Toulon (83 - Var, France)",,,1949,AC 35 R 21,Mort pour la France,"Service historique de la Défense, Caen"
BOMBAIL,Jacques Jean Joseph Edmond,militaire,sergent,bataillon français de l'ONU (BF/ONU),05-03-1951,Munchi,Corée,des suites de blessures,cote 1037,03-04-1923,Château-Verdun,"Château-Verdun (09 - Ariège, France)","Cabanes (09 - Ariège, France)",,,,AC 35 R 23,Mort pour la France,"Service historique de la Défense, Caen"
BONIFACE,Henri Lucien Claude,militaire,soldat,bataillon français de l'ONU (BF/ONU),05-03-1951,Munchi,Corée,tué au combat,cote 1037,06-02-1928,Sathonay-Camp,"Sathonay-Camp (69 - Rhône, France)","Sathonay (01 - Ain, France)",,,,AC 35 R 24,Mort pour la France,"Service historique de la Défense, Caen"
BONNAUD,Henri,militaire,caporal,bataillon français de l'ONU (BF/ONU),06-10-1952,Myojang Myon,Corée,mort au champ d'honneur,Arrowhead,07-02-1923,Roquebrune,"Ciotat (La) (13 - Bouches-du-Rhône, France)",Pusan (Corée),Marseille (13),,,AC 35 R 25,Mort pour la France,"Service historique de la Défense, Caen"
BONNET,Jean Henri,militaire,caporal-chef,bataillon français de l'ONU (BF/ONU) - 1re compagnie,12-01-1951,Taegu - hôpital américain,Corée,des suites de blessures,Wonju,28-07-1928,Maurioux,"Limoges (87 - Haute-Vienne, France)","Limoges (87 - Haute-Vienne, France)",,,,AC 35 R 26,Mort pour la France,"Service historique de la Défense, Caen"
BONNEVILLE,Jean Marcel Henri,militaire,caporal-chef,bataillon français de l'ONU (BF/ONU),06-10-1952,Myojang Myon,Corée,mort au champ d'honneur,Arrowhead,05-12-1930,Paris 16e arrondissement,"Soissons (02 - Aisne, France)","Soissons (02 - Aisne, France)",,,,AC 35 R 27,Mort pour la France,"Service historique de la Défense, Caen"
BONNOT,Marcel,militaire,soldat,bataillon français de l'ONU (BF/ONU),10-10-1951,Santae-Ri,Corée,disparu,Le Bol,28-03-1928,Saint-Vallier,"Saint-Vallier (71 - Saône-et-Loire, France)",,Dijon (21),8375,1948,AC 35 R 28,Mort pour la France,"Service historique de la Défense, Caen"
BORDINAT,Roger Joseph,militaire,caporal-chef,bataillon français de l'ONU (BF/ONU) - 1re compagnie,01-02-1951,Muchon - près de Chipyong-Ni,Corée,tué au combat,Twin-Tunnels,06-08-1922,Pigny,"Pigny (18 - Cher, France)","Piguy (18 - Cher, France)",,,,AC 35 R 29,Mort pour la France,"Service historique de la Défense, Caen"
BORST,Moïse Louis,militaire,soldat,bataillon français de l'ONU (BF/ONU),01-02-1951,Muchon - près de Chipyong-Ni,Corée,tué par balle,Twin-Tunnels,22-03-1927,Comines,"Comines (59 - Nord, France)","Comines (59 - Nord, France)",,,1947,AC 35 R 30,Mort pour la France,"Service historique de la Défense, Caen"
BOSSE,Bernard Marcel François,militaire,soldat,bataillon français de l'ONU (BF/ONU),15-09-1951,Pia-Ri - cote 841,Corée,des suites de blessures,Crèvecoeur,07-07-1920,Reims,"Courpalay (77 - Seine-et-Marne, France)","Argentan (61 - Orne, France)",,,1940,AC 35 R 31,Mort pour la France,"Service historique de la Défense, Caen"
BOUKHETACHE,Smaine,militaire,soldat,bataillon français de l'ONU (BF/ONU) - 3e compagnie,06-10-1952,Myojang Myon,Corée,mort au champ d'honneur,Arrowhead,1920,Béni Laima,,Montgolfier (ex département d'Oran) (Algérie),,,,AC 35 R 32,Mort pour la France,"Service historique de la Défense, Caen"
BOULAND,André Gaston Charles,militaire,caporal-chef,bataillon français de l'ONU (BF/ONU) - 3e compagnie,26-09-1951,,,tué à l'ennemi,Crèvecoeur,07-11-1928,Orléans,,"Chevry-Cossigny (77 - Seine-et-Marne, France)",,,,AC 35 R 33,Mort pour la France,"Service historique de la Défense, Caen"
BOURIEZ,Gérard Achille,militaire,caporal-chef,bataillon français de l'ONU (BF/ONU),25-07-1952,Tumyong - région de Chorwon,Corée,tué à l'ennemi,T-Bone,11-12-1928,Lens,"Clamart (92 - Hauts-de-Seine (ex Seine et Seine-et-Oise), France)",Pusan (Corée),Seine (75),35614,1948,AC 35 R 34,Mort pour la France,"Service historique de la Défense, Caen"
BOUYOL,Vincent Louis,militaire,soldat,bataillon français de l'ONU (BF/ONU),06-10-1952,Myojang Myon,Corée,mort au champ d'honneur,Arrowhead,31-08-1927,Raphèle-les-Arles,"Sorgues (84 - Vaucluse, France)","Sorgues (84 - Vaucluse, France)",Marseille (13),,1947,AC 35 R 35,Mort pour la France,"Service historique de la Défense, Caen"
BOUZERIBA,Khémis,militaire,soldat,bataillon français de l'ONU (BF/ONU),06-10-1952,Myojang Myon,Corée,mort au champ d'honneur,Arrowhead,03-01-1923,Douard Nehed,Calle (La) (ex département de Constantine) (Algérie),Pusan (Corée),Constantine (Algérie),137643,,AC 35 R 36,Mort pour la France,"Service historique de la Défense, Caen"
BRESO,Fernand Camille,militaire,caporal,bataillon français de l'ONU (BF/ONU),28-12-1950,Hoyang-Ni - région de Chung,Corée,asphyxie,Wonju,16-11-1926,Oran,Tlemcen (ex département d'Oran) (Algérie),Oran (ex département d'Oran) (Algérie),Oran (Algérie),,1946,AC 35 R 37,Mort pour la France,"Service historique de la Défense, Caen"
BRETON,Gérard Henri Bernard,militaire,soldat,bataillon français de l'ONU (BF/ONU) - 3e compagnie,01-02-1951,Muchon - près de Chipyong-Ni,Corée,tué au combat,Twin-Tunnels,29-12-1931,,"Angers (49 - Maine-et-Loire, France)","Angers (49 - Maine-et-Loire, France)",,,,AC 35 R 38,Mort pour la France,"Service historique de la Défense, Caen"
BRISSAUD,André Jean René,militaire,soldat,bataillon français de l'ONU (BF/ONU),21-07-1952,Karhyong-Ni,Corée,tué au combat,T-Bone,26-02-1933,Angoulême,"Mouthiers-sur-Boëme (16 - Charente, France)","Issy-les-Moulineaux (92 - Hauts-de-Seine (ex Seine et Seine-et-Oise), France)",Poitiers (86),,1952,AC 35 R 40,Mort pour la France,"Service historique de la Défense, Caen"
BURTON,Maurice Albert,militaire,sergent,bataillon français de l'ONU (BF/ONU) - 3e compagnie,01-02-1951,Muchon - près de Chipyong-Ni,Corée,tué à l'ennemi,Twin-Tunnels,17-09-1919,Paimpol,"Neuilly-sur-Seine (92 - Hauts-de-Seine (ex Seine et Seine-et-Oise), France)","Île-de-Bréhat (22 - Côtes-d'Armor (ex Côtes-du-Nord), France)",,,1939,AC 35 R 41,Mort pour la France,"Service historique de la Défense, Caen"
CAILLOT,Arthur Marie,militaire,soldat,bataillon français de l'ONU (BF/ONU) - 2e compagnie,02-10-1951,,,des suites de blessures,Crèvecoeur,16-06-1920,Brelevez,"Plouaret (22 - Côtes-d'Armor (ex Côtes-du-Nord), France)","Plouaret (22 - Côtes-d'Armor (ex Côtes-du-Nord), France)",,,,AC 35 R 42,Mort pour la France,"Service historique de la Défense, Caen"
CALCET,Jean,militaire,sergent,bataillon français de l'ONU (BF/ONU),25-07-1952,Song Chong Dong - région de Chorwon,Corée,tué au combat,T-Bone,28-09-1922,Perpignan,,Pusan (Corée),Montluçon (03),C 4091,1941,AC 35 R 43,Mort pour la France,"Service historique de la Défense, Caen"
CALVEZ,Marcel Jean Yves Marie,militaire,sergent-chef,bataillon français de l'ONU (BF/ONU) - 2e compagnie,01-02-1951,Muchon - près de Chipyong-Ni,Corée,tué au combat,Twin-Tunnels,24-06-1925,Saint-Renan,"Saint-Renan (29 - Finistère, France)",Pusan (Corée),Rennes (35),6969,1945,AC 35 R 44,Mort pour la France,"Service historique de la Défense, Caen"
CAMUS,Lucien,militaire,soldat,bataillon français de l'ONU (BF/ONU),05-03-1951,Pyong Chang - cote 1037,Corée,tué au combat,cote 1037,22-02-1928,Vendres,"Sault (84 - Vaucluse, France)","Monteux (84 - Vaucluse, France)",,,,AC 35 R 45,Mort pour la France,"Service historique de la Défense, Caen"
CARON,Fernand Jacques,militaire,soldat,bataillon français de l'ONU (BF/ONU),05-03-1951,Munchi,Corée,tué au combat,cote 1037,18-04-1924,Aumetz,"Douai (59 - Nord, France)",Pusan (Corée),,,,AC 35 R 46,Mort pour la France,"Service historique de la Défense, Caen"
CARPENTIER,Robert Jean Philibert,militaire,soldat,bataillon français de l'ONU (BF/ONU) - 3e compagnie,08-03-1951,Taegu - hôpital américain,Corée,des suites de blessures,cote 1037,21-08-1928,Nevers,"Bagneux (92 - Hauts-de-Seine (ex Seine et Seine-et-Oise), France)","Bagneux (92 - Hauts-de-Seine (ex Seine et Seine-et-Oise), France)",,,,AC 35 R 47,Mort pour la France,"Service historique de la Défense, Caen"
CARRY,Michel Roland Gaston,militaire,caporal-chef,bataillon français de l'ONU (BF/ONU) - 3e compagnie,14-02-1953,Pochum Dong - région de Maejong-Ni,Corée,tué au combat,Song-Kok,02-04-1929,Beaune,"Chalon-sur-Saône (71 - Saône-et-Loire, France)","Beaune (21 - Côte-d'Or, France)",,,,AC 35 R 48,Mort pour la France,"Service historique de la Défense, Caen"
CASSETTARI,Jacques,militaire,caporal-chef,bataillon français de l'ONU (BF/ONU) - 3e compagnie,23-02-1951,Pusan - hôpital américain,Corée,des suites de blessures,Wonju,25-03-1927,Levie,"Levie (20 - 2A - Corse-du-Sud, France)","Levie-Pantano (20 - 2A - Corse-du-Sud, France)",,,,AC 35 R 49,Mort pour la France,"Service historique de la Défense, Caen"
CASTEL,Paul Edouard,militaire,soldat,bataillon français de l'ONU (BF/ONU),10-07-1953,Sasebo - hôpital,Japon,maladie,Song-Kok,18-09-1926,Fons sur Lussan,"Beaucaire (30 - Gard, France)","Nîmes (30 - Gard, France)",,,,AC 35 R 50,Mort pour la France,"Service historique de la Défense, Caen"
CHAE,Joo-Bum,militaire,soldat sud-coréen,bataillon français de l'ONU (BF/ONU) - 2e compagnie,10-1952,Arrowhead,Corée,,Arrowhead,,,,,,,,,Non Mort pour la France,"Service historique de la Défense, Caen"
CHAE,Ou-Sup,militaire,soldat sud-coréen,bataillon français de l'ONU (BF/ONU) - 2e compagnie,10-1951,Crèvecoeur,Corée,,Crèvecoeur,,,,,,,,,Non Mort pour la France,"Service historique de la Défense, Caen"
CHAGOT,Jean Paul,militaire,sergent,bataillon français de l'ONU (BF/ONU),17-05-1951,Hangye,Corée,disparu,Putchaetul,16-02-1925,Cannes,"Cannes (06 - Alpes-Maritimes, France)",,Marseille (13),1320,1945,AC 35 R 51,Mort pour la France,"Service historique de la Défense, Caen"
CHANTREL,Robert Adrien,militaire,soldat,bataillon français de l'ONU (BF/ONU),20-05-1951,Yong Nae-Ri,Corée,tué au combat,Putchaetul,05-03-1927,Saint-Malo,"Saint-Malo (35 - Ille-et-Vilaine, France)","Saint-Malo (35 - Ille-et-Vilaine, France)",Rennes (35),27364,1947,AC 35 R 52,Mort pour la France,"Service historique de la Défense, Caen"
CHARRIGOT,Henri Armand,militaire,caporal-chef,bataillon français de l'ONU (BF/ONU) - 1re compagnie,01-10-1951,,,tué à l'ennemi,Crèvecoeur,24-08-1921,Troyes,"Brevannes (10 - Aube, France)","Brevonnes (10 - Aube, France)",Nancy (54),4077,1941,AC 35 R 53,Mort pour la France,"Service historique de la Défense, Caen"
CHASSEROT,André,militaire,soldat,bataillon français de l'ONU (BF/ONU),01-02-1951,Muchon - près de Chipyong-Ni,Corée,tué par balle,Twin-Tunnels,15-09-1926,Blanzy,"Blangy (71 - Saône-et-Loire, France)","Blanzy (71 - Saône-et-Loire, France)",,,1946,AC 35 R 54,Mort pour la France,"Service historique de la Défense, Caen"
CHAUVIN,Henri Jules Marie,militaire,soldat,bataillon français de l'ONU (BF/ONU),05-03-1951,Munchi,Corée,tué au combat,cote 1037,31-01-1926,Auray,"Redon (35 - Ille-et-Vilaine, France)","Redon (35 - Ille-et-Vilaine, France)",,,,AC 35 R 55,Mort pour la France,"Service historique de la Défense, Caen"
CHEREQUE,Gaston Joseph,militaire,sergent-chef,bataillon français de l'ONU (BF/ONU) - 3e compagnie,05-03-1951,Munchi,Corée,tué au combat,cote 1037,20-02-1914,Haboudange,"Chamberet (19 - Corrèze, France)","Surdoux (87 - Haute-Vienne, France)",,,,AC 35 R 56,Mort pour la France,"Service historique de la Défense, Caen"
CHUL,Jong-Sheep,militaire,soldat sud-coréen,bataillon français de l'ONU (BF/ONU) - 2e compagnie,07-1953,Harry - Chungasan,Corée,,Song-Kok,,,,,,,,,Non Mort pour la France,"Service historique de la Défense, Caen"
CLODIC,François Pierre Gilbert,militaire,soldat,bataillon français de l'ONU (BF/ONU) - 1re compagnie,13-02-1951,Chipyong-Ni,Corée,tué au combat,Chipyong-Ni,22-03-1924,Nantes,"Nantes (44 - Loire-Atlantique (ex Loire-Inférieure), France)","Nantes (44 - Loire-Atlantique (ex Loire-Inférieure), France)",,,,AC 35 R 57,Mort pour la France,"Service historique de la Défense, Caen"
COEFFIC,Georges,militaire,soldat,bataillon français de l'ONU (BF/ONU),06-08-1952,Inmong Myon - région de Chorwon,Corée,tué au combat,T-Bone,24-03-1928,Paris 12e arrondissement,"Lorient (56 - Morbihan, France)","Lorient (56 - Morbihan, France)",,,,AC 35 R 58,Mort pour la France,"Service historique de la Défense, Caen"
COLLEMANT,Philippe Marie Paul,militaire,soldat,bataillon français de l'ONU (BF/ONU),06-10-1952,Myojang Myon,Corée,mort au champ d'honneur,Arrowhead,24-11-1926,Gournay-en-Bray,"Gournay-en-Bray (76 - Seine-Maritime (ex Seine-Inférieure), France)","Gournay-en-Bray (76 - Seine-Maritime (ex Seine-Inférieure), France)",Valenciennes (59),,,AC 35 R 59,Mort pour la France,"Service historique de la Défense, Caen"
CONTREAU,Jean Célestin,militaire,soldat,bataillon français de l'ONU (BF/ONU) - 1re compagnie,30-05-1951,Inje,Corée,tué au combat,Inje,03-03-1927,Vouvray,"Saint-Cyr-sur-Loire (37 - Indre-et-Loire, France)","Saint-Cyr-sur-Loire (37 - Indre-et-Loire, France)",,,,AC 35 R 60,Mort pour la France,"Service historique de la Défense, Caen"
COQUELLE,Henri,militaire,soldat,bataillon français de l'ONU (BF/ONU) - 3e compagnie,12-01-1951,Majon - région de Wonju,Corée,des suites de blessures,Wonju,11-05-1930,Villers-au-Tertre,"Villers-au-Tertre (59 - Nord, France)","Villers-au-Tertre (59 - Nord, France)",Lille (59),,1950,AC 35 R 61,Mort pour la France,"Service historique de la Défense, Caen"
CORCE,Pierre,militaire,sergent,bataillon français de l'ONU (BF/ONU),05-03-1951,Munchi,Corée,tué au combat,cote 1037,12-09-1925,Guichem,"Bourg-des-Comptes (35 - Ille-et-Vilaine, France)",,,,,AC 35 R 62,Mort pour la France,"Service historique de la Défense, Caen"
CORNE,Marcel Charles Adrien,militaire,caporal-chef,bataillon français de l'ONU (BF/ONU) - 3e compagnie,01-02-1951,Changon-Ri,Corée,des suites de blessures,Twin-Tunnels,30-10-1928,Saint-Pol-sur-Ternoise,"Saint-Saulve (59 - Nord, France)","Saint-Pol-sur-Ternoise (62 - Pas-de-Calais, France)",,,,AC 35 R 63,Mort pour la France,"Service historique de la Défense, Caen"
CORRE,Georges Jean Gabriel,militaire,soldat,bataillon français de l'ONU (BF/ONU) - 2e compagnie,13-01-1951,Majon - région de Wonju,Corée,des suites de blessures,Wonju,13-04-1925,Saint-Thégonnec,"Guiclan (29 - Finistère, France)","Guichen (29 - Finistère, France)",Quimper (29),,1945,AC 35 R 64,Mort pour la France,"Service historique de la Défense, Caen"
CORVEZ,Roger Pierre Marie,militaire,caporal,bataillon français de l'ONU (BF/ONU) - 3e compagnie,26-09-1951,,,tué par éclats d'obus,Crèvecoeur,16-11-1923,Brest,"Larmor-Plage (56 - Morbihan, France)","Lamor-Plage (56 - Morbihan, France)",,,,AC 35 R 65,Mort pour la France,"Service historique de la Défense, Caen"
COURIC,François René,militaire,soldat,bataillon français de l'ONU (BF/ONU) - 1re compagnie,01-02-1951,Muchon - près de Chipyong-Ni,Corée,tué au combat,Twin-Tunnels,11-11-1930,Moëlan-sur-Mer,"Moëlan-sur-Mer (29 - Finistère, France)",Pusan (Corée),,,,AC 35 R 66,Mort pour la France,"Service historique de la Défense, Caen"
CROZIER,Raymond,militaire,soldat,bataillon français de l'ONU (BF/ONU) - 2e compagnie,29-05-1951,Hospital field,Corée,des suites de blessures,Inje,01-11-1930,Bourg-en-Bresse,"Saint André-sur-Vieux-Jonc (01 - Ain, France)","Saint-André-sur-Vieux-Jonc (01 - Ain, France)",,,,AC 35 R 67,Mort pour la France,"Service historique de la Défense, Caen"
DANTI,Roger Robert,militaire,caporal,bataillon français de l'ONU (BF/ONU),05-03-1951,Munchi,Corée,tué au combat,cote 1037,20-08-1923,Marseille,"Clermont-Ferrand (63 - Puy-de-Dôme, France)","Saint-Denis-lès-Bourg (01 - Ain, France)",,,,AC 35 R 68,Mort pour la France,"Service historique de la Défense, Caen"
DAPER,Michel Edouard,militaire,soldat,bataillon français de l'ONU (BF/ONU),11-09-1952,Pandogoa - rivière Hantan Chon,Corée,noyade,Hors combat,23-01-1926,Lille,,,Valenciennes (59),1938,1946,AC 35 R 69,Mort pour la France,"Service historique de la Défense, Caen"
DAUFRENE,Pierre Lucien,militaire,soldat,bataillon français de l'ONU (BF/ONU),06-10-1952,Myojang Myon,Corée,mort au champ d'honneur,Arrowhead,05-06-1931,La Couture-Boussey,,"La Couture-Boussey (27 - Eure, France)",Seine (75),34822,,AC 35 R 70,Mort pour la France,"Service historique de la Défense, Caen"
DAYEZ,Aimé Gustave,militaire,adjudant,bataillon français de l'ONU (BF/ONU),06-10-1952,Myojang Myon,Corée,mort au champ d'honneur,Arrowhead,08-03-1913,Saint-Remy-du-Nord,,"Walleres (59 - Nord, France)",Valenciennes (59),589,1933,AC 35 R 71,Mort pour la France,"Service historique de la Défense, Caen"
DE BOISVILLIERS,Pierre Alphonse Roland,militaire,soldat,bataillon français de l'ONU (BF/ONU),06-03-1951,Wonju - hôpital,Corée,des suites de blessures,cote 1037,02-08-1927,Tampon,"Paris 1er arrondissement (75 - Paris (ex Seine), France)","Saint-Pierre (974 - La Réunion, France)",,,,AC 35 R 22,Mort pour la France,"Service historique de la Défense, Caen"
DE MASSEY,Jean Roger,militaire,soldat,bataillon français de l'ONU (BF/ONU) - 3e compagnie,11-02-1952,Mangon,Corée,tué au combat,Triangle de fer,26-02-1929,Paris 10e arrondissement,"Aulnay-sous-Bois (93 - Seine-Saint-Denis (ex Seine et Seine-et-Oise), France)",Pusan (Corée),,,1949,AC 35 R 188,Mort pour la France,"Service historique de la Défense, Caen"
DECHARNE,Louis,militaire,caporal-chef,bataillon français de l'ONU (BF/ONU),06-10-1952,Myojang Myon,Corée,mort au champ d'honneur,Arrowhead,04-04-1928,Saint-Menoux,"Saint-Menoux (03 - Allier, France)","Saint-Menart (03 - Allier, France)",Lyon (69),12360,1948,AC 35 R 72,Mort pour la France,"Service historique de la Défense, Caen"
DECKER,Yves Yvon Paul René,militaire,sous-lieutenant,bataillon français de l'ONU (BF/ONU),06-10-1952,Myojang Myon,Corée,mort au champ d'honneur,Arrowhead,05-05-1928,Paris 15e arrondissement,"Paris 15e arrondissement (75 - Paris (ex Seine), France)","Paris (75 - Paris (ex Seine), France)",,,,AC 35 R 73,Mort pour la France,"Service historique de la Défense, Caen"
DELACOURT,Louis,militaire,caporal-chef,bataillon français de l'ONU (BF/ONU) - 2e compagnie,22-04-1952,Hat-O-Dong - cote 528,Corée,tué au combat,Triangle de fer,21-09-1929,Arras,"Arras (62 - Pas-de-Calais, France)","Sevran (83 - Var, France)",Valenciennes (59),,,AC 35 R 74,Mort pour la France,"Service historique de la Défense, Caen"
DELHOMMEAU,Yves René Camille,militaire,soldat,bataillon français de l'ONU (BF/ONU),19-09-1951,Chohanggol - cote 841,Corée,tué au combat,Crèvecoeur,29-11-1927,Haleine,"La Chartre (72 - Sarthe, France)","La Chartre-sur-le-Loir (72 - Sarthe, France)",,,1947,AC 35 R 75,Mort pour la France,"Service historique de la Défense, Caen"
DELMOTTE,Jacques Pierre,militaire,lieutenant,bataillon français de l'ONU (BF/ONU),07-01-1951,Majon - région de Wonju,Corée,tué au combat,Wonju,29-11-1920,Creusot,"Paris 7e arrondissement (75 - Paris (ex Seine), France)","Mans (Le) (72 - Sarthe, France)",,,,AC 35 R 76,Mort pour la France,"Service historique de la Défense, Caen"
DELTEIL,René,militaire,sergent,bataillon français de l'ONU (BF/ONU),08-10-1951,Pia-Ri,Corée,tué au combat,Crèvecoeur,18-04-1928,Tanniès,"Tanniès (24 - Dordogne, France)","Tanniès (24 - Dordogne, France)",,,,AC 35 R 77,Mort pour la France,"Service historique de la Défense, Caen"
DESSAINT,René,militaire,sergent-major,bataillon français de l'ONU (BF/ONU) - 2e compagnie,26-09-1951,,,tué au combat,Crèvecoeur,01-09-1925,Hanoï,,"Berrieux (02 - Aisne, France)",,LM 1968,1945,AC 35 R 78,Mort pour la France,"Service historique de la Défense, Caen"
DJIAN,Julien,militaire,soldat,bataillon français de l'ONU (BF/ONU),04-07-1953,Nadae-Ri,Corée,des suites de blessures,Song-Kok,19-02-1928,Marrackech,Miliana (ex département d'Alger) (Algérie),Pusan (Corée),,166,,AC 35 R 79,Mort pour la France,"Service historique de la Défense, Caen"
DOL,Jean Henri René,militaire,caporal,bataillon français de l'ONU (BF/ONU) - 3e compagnie,26-09-1951,,,tué à l'ennemi,Crèvecoeur,15-07-1924,Constantine,,Souk Ahras (ex département de Constantine) (Algérie),,,,AC 35 R 80,Mort pour la France,"Service historique de la Défense, Caen"
DROUIN,René Léon Henri,militaire,caporal,bataillon français de l'ONU (BF/ONU),07-06-1953,Chip-O-Ri,Corée,tué au combat,Chip-O-Ri,26-12-1932,Patay,"Pithiviers (45 - Loiret, France)",Pusan (Corée),Seine (75),2474,1952,AC 35 R 81,Mort pour la France,"Service historique de la Défense, Caen"
DU BREUIL HELION DE LA GUERONNIERE,Ythier Marie Fabien,militaire,sergent,bataillon français de l'ONU (BF/ONU) - 3e compagnie,01-02-1951,Muchon - près de Chipyong-Ni,Corée,tué au combat,Twin-Tunnels,27-12-1924,Limoges,"Néac (33 - Gironde, France)","Néac (33 - Gironde, France)",,,1944,AC 35 R 39,Mort pour la France,"Service historique de la Défense, Caen"
DUBOIS,Jacques Lucien,militaire,soldat,bataillon français de l'ONU (BF/ONU) - 3e compagnie,14-02-1953,Pochum Dong - région de Maejong-Ni,Corée,tué au combat,Song-Kok,24-02-1932,Chelles,"Loisy-en-Brie (51 - Marne, France)","Épernay (51 - Marne, France)",,,,AC 35 R 82,Mort pour la France,"Service historique de la Défense, Caen"
DUFOUR,Jean Aristide,militaire,soldat,bataillon français de l'ONU (BF/ONU),06-10-1952,Myojang Myon - région de Chorwon,Corée,mort au champ d'honneur,Arrowhead,13-07-1927,Paris 14e arrondissement,"Châtillon-sous-Bagneux (92 - Hauts-de-Seine (ex Seine et Seine-et-Oise), France)","Versailles (78 - Yvelines (ex Seine-et-Oise), France)",,,,AC 35 R 83,Mort pour la France,"Service historique de la Défense, Caen"
DUFOUR,Jean Marcel,militaire,caporal,bataillon français de l'ONU (BF/ONU) - 2e compagnie,26-09-1951,,,tué au combat,Crèvecoeur,25-04-1927,Saramon,"Saramon (32 - Gers, France)","Saramon (32 - Gers, France)",,,,AC 35 R 84,Mort pour la France,"Service historique de la Défense, Caen"
DULONG COURTY,Maxime Jean Lucien,militaire,soldat,bataillon français de l'ONU (BF/ONU),21-09-1951,,,des suites de blessures,Crèvecoeur,02-03-1927,Paris 10e arrondissement,"Paris 18e arrondissement (75 - Paris (ex Seine), France)",Pusan (Corée),,,,AC 35 R 85,Mort pour la France,"Service historique de la Défense, Caen"
DURAND,Georges Victor Alphonse,militaire,caporal,bataillon français de l'ONU (BF/ONU) - 1re compagnie,06-10-1952,Myojang Myon - région de Chorwon,Corée,mort au champ d'honneur,Arrowhead,02-08-1929,Le Teilleul,,"Bion (50 - Manche, France)",Rennes (35),14529,,AC 35 R 86,Mort pour la France,"Service historique de la Défense, Caen"
DURAND,Paul Julien Baptiste,militaire,soldat,bataillon français de l'ONU (BF/ONU),16-02-1952,Paris 10e arrondissement - hôpital Villemin,France,maladie non contractée en service,Hors combat,28-09-1912,Missillac,"Paris 10e arrondissement (75 - Paris (ex Seine), France)",,,1519,,AC 40 R 3964,Non Mort pour la France,"Service historique de la Défense, Caen"
DUROISEL,Roger,militaire,sergent,bataillon français de l'ONU (BF/ONU),26-02-1953,Pochum Dong - région de Maejong-Ni,Corée,mort au champ d'honneur,Song-Kok,19-03-1928,Mazingarbe,"Mazingarbe (62 - Pas-de-Calais, France)","Mazengarbe (62 - Pas-de-Calais, France)",,,,AC 35 R 87,Mort pour la France,"Service historique de la Défense, Caen"
DUVAUX,Sylvain,militaire,adjudant,bataillon français de l'ONU (BF/ONU) - 2e compagnie,27-07-1952,Myojang Myon,Corée,tué au combat,T-Bone,26-05-1917,Paris 14e arrondissement,"Saint-Maurice-de-Beynost (01 - Ain, France)","Saint-Maurice-de-Beynost (01 - Ain, France)",Montluçon (03),A 1591,1937,AC 35 R 88,Mort pour la France,"Service historique de la Défense, Caen"
EYMARD,Jacques Bernard Victor Georges,militaire,caporal,bataillon français de l'ONU (BF/ONU) - 1re compagnie,25-07-1952,Song Chong Dong - région de Chorwon,Corée,tué au combat,T-Bone,18-08-1931,Briançon,"Gap (05) (05 - Hautes-Alpes, France)","Briançon (05 - Hautes-Alpes, France)",Lyon (69),297,1951,AC 35 R 89,Mort pour la France,"Service historique de la Défense, Caen"
FAIVRE,Lionel Eugène Heinrade,militaire,soldat,bataillon français de l'ONU (BF/ONU) - 3e compagnie,05-03-1951,Munchi - cote 1037,Corée,tué au combat,cote 1037,09-12-1925,Charquemont,"Salins-les-Bains (39 - Jura, France)","Salins-les-Bains (39 - Jura, France)",,,,AC 35 R 90,Mort pour la France,"Service historique de la Défense, Caen"
FALCONNETI,Joseph,militaire,sergent,bataillon français de l'ONU (BF/ONU) - 3e compagnie,25-09-1951,,,tué au combat,Crèvecoeur,18-11-1924,Lucciana,"Bastia (20 - 2A - Corse-du-Sud, France)","Bastia (20 - 2A - Corse-du-Sud, France)",Ajaccio (20),728,,AC 35 R 91,Mort pour la France,"Service historique de la Défense, Caen"
FALGON,Marcel,militaire,soldat,bataillon français de l'ONU (BF/ONU),10-08-1951,Ihyon-Ni,Corée,des suites de blessures,Le Bol,12-03-1925,Clermont-Ferrand,"Clermont-Ferrand (63 - Puy-de-Dôme, France)","Beaumont (63 - Puy-de-Dôme, France)",Lyon (69),23989,1945,AC 35 R 92,Mort pour la France,"Service historique de la Défense, Caen"
FAURE,Antonin Jean Marie,militaire,soldat,bataillon français de l'ONU (BF/ONU) - 2e compagnie,04-08-1952,Tumyong - région de Chorwon,Corée,tué au combat,T-Bone,17-01-1925,Lagraulet-Saint-Nicolas,"Lagraulet-Saint-Nicolas (31 - Haute-Garonne, France)","Lagraulet-Saint-Nicolas (31 - Haute-Garonne, France)",,,,AC 35 R 93,Mort pour la France,"Service historique de la Défense, Caen"
FELIO,Pierre,militaire,caporal,bataillon français de l'ONU (BF/ONU) - 1re compagnie,01-02-1951,Muchon - près de Chipyong-Ni,Corée,tué au combat,Twin-Tunnels,25-09-1926,Oran,Relizane (ex département d'Oran) (Algérie),Relizane (ex département d'Oran) (Algérie),,,,AC 35 R 94,Mort pour la France,"Service historique de la Défense, Caen"
FIAT,Pierre Jean,militaire,sergent,bataillon français de l'ONU (BF/ONU),06-10-1952,Myojang Myon,Corée,mort au champ d'honneur,Arrowhead,10-04-1928,Fargues-de-Langon,"Preignac (33 - Gironde, France)","Fargues-de-Langon (33 - Gironde, France)",Bordeaux (33),4518,1948,AC 35 R 95,Mort pour la France,"Service historique de la Défense, Caen"
FLAGEY,Gabriel,militaire,adjudant-chef,bataillon français de l'ONU (BF/ONU),14-09-1951,Pia-Ri,Corée,des suites de blessures,Crèvecoeur,16-06-1916,Chalon-sur-Saône,"Chalon-sur-Saône (71 - Saône-et-Loire, France)","Chalon-sur-Saône (71 - Saône-et-Loire, France)",,,,AC 35 R 96,Mort pour la France,"Service historique de la Défense, Caen"
FLEURY,René Auguste,militaire,soldat,bataillon français de l'ONU (BF/ONU),07-10-1952,Myojang Myon,Corée,mort au champ d'honneur,Arrowhead,04-01-1926,Fougères,"Paris 12e arrondissement (75 - Paris (ex Seine), France)",Pusan (Corée),,,1946,AC 35 R 97,Mort pour la France,"Service historique de la Défense, Caen"
FLOURAC,Louis Marius,militaire,sergent,bataillon français de l'ONU (BF/ONU) - 3e compagnie,13-02-1951,Chipyong-Ni,Corée,des suites de blessures,Chipyong-Ni,03-02-1914,Toulouse,"Mont-de-Marsan (40 - Landes, France)",Constantine (ex département de Constantine) (Algérie),,,,AC 35 R 98,Mort pour la France,"Service historique de la Défense, Caen"
FOUILLEN,Louis Marie,militaire,soldat,bataillon français de l'ONU (BF/ONU) - 1re compagnie,10-01-1951,Majon - région de Wonju,Corée,tué par balle,Wonju,12-07-1925,Guistinac,"Mebrand (56 - Morbihan, France)",Pusan (Corée),Rennes (35),83,1945,AC 35 R 99,Mort pour la France,"Service historique de la Défense, Caen"
FOULON,Pierre André,militaire,caporal,bataillon français de l'ONU (BF/ONU),18-05-1951,Yong Nae-Ri,Corée,tué au combat,Putchaetul,27-03-1928,Vernon,"Molles (03 - Allier, France)","Molle (03 - Allier, France)",Seine (75),9420,1946,AC 35 R 100,Mort pour la France,"Service historique de la Défense, Caen"
FOURNIER,Jean,militaire,soldat,bataillon français de l'ONU (BF/ONU),11-08-1952,Song Chong Dong - région de Chorwon,Corée,tué au combat,T-Bone,11-04-1927,Reims,"Soissons (02 - Aisne, France)","Reims (51 - Marne, France)",,,,AC 35 R 101,Mort pour la France,"Service historique de la Défense, Caen"
FOURQUIN,Antoine Auguste,militaire,volontaire,bataillon français de l'ONU (BF/ONU),26-09-1951,,,tué par éclats d'obus,Crèvecoeur,16-08-1931,Metz,"Rosselange (57 - Moselle, France)","Rosselange (57 - Moselle, France)",Strasbourg (67),,,AC 35 R 102,Mort pour la France,"Service historique de la Défense, Caen"
FRUGIER,Raoul Louis,militaire,caporal-chef,bataillon français de l'ONU (BF/ONU),18-05-1951,Yong Nae-Ri,Corée,tué par balle,Putchaetul,16-12-1924,Bruges,"Bordeaux (33 - Gironde, France)","Bordeaux (33 - Gironde, France)",Poitiers (86),24876,1944,AC 35 R 103,Mort pour la France,"Service historique de la Défense, Caen"
GARAVAGLIA,André Raymond Emile,militaire,caporal,bataillon français de l'ONU (BF/ONU),05-03-1951,Munchi,Corée,des suites de blessures,cote 1037,21-09-1926,Fontainebleau,,"Avon (77 - Seine-et-Marne, France)",,,,AC 35 R 104,Mort pour la France,"Service historique de la Défense, Caen"
GARNIER,Bernard Georges,militaire,soldat,bataillon français de l'ONU (BF/ONU),06-10-1952,Myojang Myon,Corée,mort au champ d'honneur,Arrowhead,28-05-1924,Pontarlier,"Crissey (39 - Jura, France)","Crissey (39 - Jura, France)",,,,AC 35 R 105,Mort pour la France,"Service historique de la Défense, Caen"
GAUTHIER,Dominique André,militaire,soldat,bataillon français de l'ONU (BF/ONU) - 3e compagnie,06-01-1952,Kumwha,Corée,des suites de blessures,Triangle de fer,19-01-1925,Paris 14e arrondissement,"Saint-Denis (93 - Seine-Saint-Denis (ex Seine et Seine-et-Oise), France)","Saint-Denis (93 - Seine-Saint-Denis (ex Seine et Seine-et-Oise), France)",,,,AC 35 R 106,Mort pour la France,"Service historique de la Défense, Caen"
GAVRILOFF,Bernard Roland,militaire,sergent-chef,bataillon français de l'ONU (BF/ONU),06-10-1952,Myojang Myon,Corée,mort au champ d'honneur,Arrowhead,25-11-1926,Amnevile,"Amneville (57 - Moselle, France)",,Nancy (54),4156,1946,AC 35 R 107,Mort pour la France,"Service historique de la Défense, Caen"
GAY,Francis Nicolas,militaire,soldat,bataillon français de l'ONU (BF/ONU) - 1re compagnie,29-09-1951,,,tué par balle,Crèvecoeur,30-06-1927,Cognac,"Cognac (16 - Charente, France)","Cognac (16 - Charente, France)",,,,AC 35 R 108,Mort pour la France,"Service historique de la Défense, Caen"
GENDREL,Herbé Bernard,militaire,sergent-chef,bataillon français de l'ONU (BF/ONU) - 1re compagnie,11-01-1951,Taegu - hôpital américain,Corée,des suites de blessures,Wonju,01-03-1928,Alger,"Clermont-Ferrand (63 - Puy-de-Dôme, France)","Saint-Denis-sur-Sarthon (61 - Orne, France)",,,,AC 35 R 109,Mort pour la France,"Service historique de la Défense, Caen"
GERME,Michel Bernard,militaire,soldat,bataillon français de l'ONU (BF/ONU) - 3e compagnie,27-09-1951,Santae-Ri,Corée,tué au combat,Crèvecoeur,12-08-1928,Le Portel,,,,,,AC 35 R 110,Mort pour la France,"Service historique de la Défense, Caen"
GERVAIS,Serge,militaire,soldat,bataillon français de l'ONU (BF/ONU),05-03-1951,Munchi,Corée,des suites de blessures,cote 1037,16-01-1928,Montpathier,"Monpathier (10 - Aube, France)","Montpothier (10 - Aube, France)",,,,AC 35 R 111,Mort pour la France,"Service historique de la Défense, Caen"
GOETHALS,Roger Henri,militaire,caporal,bataillon français de l'ONU (BF/ONU),10-10-1951,Santae-Ri,Corée,tué au combat,Crèvecoeur,09-12-1925,Le Portel,"Armentières (59 - Nord, France)","Armentières (59 - Nord, France)",,,,AC 35 R 112,Mort pour la France,"Service historique de la Défense, Caen"
GOUJON,Raymond Maurice,militaire,soldat,bataillon français de l'ONU (BF/ONU) - 3e compagnie,25-09-1951,,,des suites de blessures,Crèvecoeur,01-02-1929,Paris 10e arrondissement,"Bezons (78 - Yvelines (ex Seine-et-Oise), France)","Abrest (03 - Allier, France)",,,,AC 35 R 113,Mort pour la France,"Service historique de la Défense, Caen"
GOUPIL,Robert René Albert,militaire,capitaine,bataillon français de l'ONU (BF/ONU) - 2e compagnie,26-09-1951,,,tué au combat,Crèvecoeur,18-08-1921,Paris 16e arrondissement,,"Scy-Chazelles (57 - Moselle, France)",,,,AC 35 R 114,Mort pour la France,"Service historique de la Défense, Caen"
GUILBERT,René Gilbert Emilien,militaire,soldat,bataillon français de l'ONU (BF/ONU),16-07-1953,,,des suites de blessures,Song-Kok,27-05-1930,Longueau,"Cagny (80 - Somme, France)","Cagny (80 - Somme, France)",Valenciennes (59),4816,1950,AC 35 R 115,Mort pour la France,"Service historique de la Défense, Caen"
GUILLAUME,Michel Martial,militaire,soldat,bataillon français de l'ONU (BF/ONU) - 1re compagnie,10-01-1951,Majon - région de Wonju,Corée,tué à l'ennemi,Wonju,02-02-1927,Beaurepaire,"Saint-Claude (39 - Jura, France)","Saint-Claude (39 - Jura, France)",Dijon (21),,1947,AC 35 R 116,Mort pour la France,"Service historique de la Défense, Caen"
GUILLEMENT,Maurice Georges Ernest,militaire,soldat,bataillon français de l'ONU (BF/ONU),01-03-1953,Pochum Dong - région de Maejong-Ni,Corée,des suites de blessures,Song-Kok,20-09-1932,Nantes,,"Nantes (44 - Loire-Atlantique (ex Loire-Inférieure), France)",Rennes (35),,1952,AC 35 R 117,Mort pour la France,"Service historique de la Défense, Caen"
GUILLEMIER,Robert,militaire,soldat,bataillon français de l'ONU (BF/ONU) - 2e compagnie,18-09-1951,Chohanggol - cote 841,Corée,tué au combat,Crèvecoeur,25-07-1922,Lyon,,"Lyon (69 - Rhône, France)",,,1942,AC 35 R 118,Mort pour la France,"Service historique de la Défense, Caen"
GUY,Pierre Séraphin Justin,militaire,caporal,bataillon français de l'ONU (BF/ONU) - 2e compagnie,01-02-1951,Muchon - près de Chipyong-Ni,Corée,tué au combat,Twin-Tunnels,27-04-1926,La Cluse-et-Mijoux,"Cluse-et-Mijoux (25 - Doubs, France)","La Cluse-et-Mijoux (25 - Doubs, France)",,,,AC 35 R 119,Mort pour la France,"Service historique de la Défense, Caen"
HARDY,Gaston Maurice,militaire,soldat,bataillon français de l'ONU (BF/ONU) - 1re compagnie,17-08-1952,Inmong Myon - région de Chorwon,Corée,mort au champ d'honneur,T-Bone,12-01-1930,Paris,,"Livry-Gargan (93 - Seine-Saint-Denis (ex Seine et Seine-et-Oise), France)",Seine (75),10357,1950,AC 35 R 120,Mort pour la France,"Service historique de la Défense, Caen"
HATEAU,Pierre Emile André,militaire,soldat,bataillon français de l'ONU (BF/ONU),26-02-1953,Pochum Dong - région de Maejong-Ni,Corée,mort au champ d'honneur,Song-Kok,21-12-1920,Rouvray-Sainte-Croix,"Rouvray-Sainte-Croix (42 - Loire, France)","Patay (62 - Pas-de-Calais, France)",Orléans (45),,1944,AC 35 R 121,Mort pour la France,"Service historique de la Défense, Caen"
HECQUET,Michel André,militaire,caporal,bataillon français de l'ONU (BF/ONU),29-06-1953,Kumwha,Corée,des suites de blessures,Song-Kok,05-06-1930,Chartres,"Mornac-sur-Seudre (17 - Charente-Maritime (ex Charente-Inférieure), France)","Royan (17 - Charente-Maritime (ex Charente-Inférieure), France)",Poitiers (86),8698,,AC 35 R 122,Mort pour la France,"Service historique de la Défense, Caen"
HERMAN,Alphonse Omer,militaire,caporal-chef,bataillon français de l'ONU (BF/ONU) - 1re compagnie,01-02-1951,Muchon - près de Chipyong-Ni,Corée,tué au combat,Twin-Tunnels,30-03-1919,Bruay,"Raismes (59 - Nord, France)","Raismes (59 - Nord, France)",,,1939,AC 35 R 123,Mort pour la France,"Service historique de la Défense, Caen"
HEURTIER,Jean Baptiste Marius,militaire,caporal,bataillon français de l'ONU (BF/ONU),13-10-1952,Myojang Myon,Corée,tué au combat,Arrowhead,05-07-1932,Saint-Étienne,"Le Chambon-Feugerolles (42 - Loire, France)","Chambon-Feugerolles (Le) (44 - Loire-Atlantique (ex Loire-Inférieure), France)",Lyon (69),,,AC 35 R 124,Mort pour la France,"Service historique de la Défense, Caen"
HUGUES,Louis Irénée,militaire,soldat,bataillon français de l'ONU (BF/ONU),01-02-1951,Muchon - près de Chipyong-Ni,Corée,tué au combat,Twin-Tunnels,18-07-1926,Marseille,"Marseille (13 - Bouches-du-Rhône, France)","Marseille (13 - Bouches-du-Rhône, France)",,,,AC 35 R 125,Mort pour la France,"Service historique de la Défense, Caen"
HUGUES,René Antoine Marius,militaire,soldat,bataillon français de l'ONU (BF/ONU) - 3e compagnie,01-02-1951,Muchon - près de Chipyong-Ni,Corée,tué au combat,Twin-Tunnels,22-12-1922,Entraigus,"Nice (06 - Alpes-Maritimes, France)","Nice (06 - Alpes-Maritimes, France)",,,1941,AC 35 R 126,Mort pour la France,"Service historique de la Défense, Caen"
HUITOREL,Lucien,militaire,soldat,bataillon français de l'ONU (BF/ONU) - 3e compagnie,26-09-1951,,,des suites de blessures,Crèvecoeur,17-01-1927,Carnoët,"Carnoët (22 - Côtes-d'Armor (ex Côtes-du-Nord), France)",Pusan (Corée),,,,AC 35 R 127,Mort pour la France,"Service historique de la Défense, Caen"
HUTEN,Jean Marcel Emile,militaire,soldat,bataillon français de l'ONU (BF/ONU) - 3e compagnie,26-09-1951,,,des suites de blessures,Crèvecoeur,14-04-1927,Paris 10e arrondissement,"Paris 11e arrondissement (75 - Paris (ex Seine), France)","Attichy (60 - Oise, France)",,52870,,AC 35 R 128,Mort pour la France,"Service historique de la Défense, Caen"
ICHIZA,Francis,militaire,sergent,bataillon français de l'ONU (BF/ONU),11-02-1952,Mangon,Corée,tué au combat,Triangle de fer,10-10-1926,Bras-Panon,"Bras-Panon (974 - La Réunion, France)","Bras-Panon (974 - La Réunion, France)",,,,AC 35 R 129,Mort pour la France,"Service historique de la Défense, Caen"
INCONNU,,militaire,soldat,bataillon français de l'ONU (BF/ONU) - 3e compagnie,05-03-1951,Munchi - cote 1037,Corée,,cote 1037,,,,Pusan (Corée),,,,,Non statué,"Service historique de la Défense, Caen"
ISAULE GREEN,Abel Richard,militaire,caporal-chef,bataillon français de l'ONU (BF/ONU),07-10-1952,Myojang Myon,Corée,mort au champ d'honneur,Arrowhead,10-03-1928,El Valguaraiso,"Paris 1er arrondissement (75 - Paris (ex Seine), France)",Pusan (Corée),Seine (75),,,AC 35 R 130,Mort pour la France,"Service historique de la Défense, Caen"
JAFFRE,Roger,militaire,sergent,bataillon français de l'ONU (BF/ONU) - 1re compagnie,01-02-1951,Muchon - près de Chipyong-Ni,Corée,tué au combat,Twin-Tunnels,12-01-1925,Loqueffret,"Huelgout (29 - Finistère, France)","Huelgoat (29 - Finistère, France)",,,,AC 35 R 131,Mort pour la France,"Service historique de la Défense, Caen"
JAMES,Robert Gustave William,militaire,soldat,bataillon français de l'ONU (BF/ONU) - 1re compagnie,11-08-1952,,,des suites de blessures,T-Bone,21-09-1932,Paris 12e arrondissement,,"Montagne-au-Perche (61 - Orne, France)",,,,AC 35 R 132,Mort pour la France,"Service historique de la Défense, Caen"
JARDIN,André Fernand,militaire,sergent,bataillon français de l'ONU (BF/ONU),21-10-1951,,,des suites de blessures,Crèvecoeur,10-07-1928,Lorient,,"Laigle (61 - Orne, France)",,,,AC 35 R 133,Mort pour la France,"Service historique de la Défense, Caen"
JEAN-LOUIS,Jules Edouard,militaire,commandant médecin,bataillon français de l'ONU (BF/ONU),08-05-1951,Yong Nae-Ri,Corée,des suites de blessures,Putchaetul,28-10-1916,Antibes,"Sanary-sur-Mer (83 - Var, France)","Sanary-sur-Mer (83 - Var, France)",,,,AC 35 R 134,Mort pour la France,"Service historique de la Défense, Caen"
JEUNG,Tae-Hoon,militaire,soldat sud-coréen,bataillon français de l'ONU (BF/ONU) - 2e compagnie,09-1951,Le Bol,Corée,,Le Bol,,,,,,,,,Non Mort pour la France,"Service historique de la Défense, Caen"
JONNIER,Jean Joseph Emmanuel,militaire,caporal-chef,bataillon français de l'ONU (BF/ONU),05-03-1951,Munchi,Corée,des suites de blessures,cote 1037,18-06-1924,Chambre,"Hermillon (74 - Haute-Savoie, France)",,,,,AC 35 R 135,Mort pour la France,"Service historique de la Défense, Caen"
KADIKOF,Léonid,militaire,sergent,bataillon français de l'ONU (BF/ONU),27-07-1952,Inmong Myon - région de Chorwon,Corée,tué au combat,T-Bone,11-10-1929,Lyon 2e arrondissement,"Ecully (69 - Rhône, France)","Ecully (69 - Rhône, France)",Lyon (69),2782,1949,AC 35 R 136,Mort pour la France,"Service historique de la Défense, Caen"
KANG,Keg-Suk,militaire,soldat sud-coréen,bataillon français de l'ONU (BF/ONU) - 2e compagnie,09-1951,Le Bol,Corée,,Le Bol,,,,,,,,,Non Mort pour la France,"Service historique de la Défense, Caen"
KANG,Man-Kyu,militaire,soldat sud-coréen,bataillon français de l'ONU (BF/ONU) - 2e compagnie,05-1951,Putchaetul,Corée,,Putchaetul,,,,,,,,,Non Mort pour la France,"Service historique de la Défense, Caen"
KIM,Kwang-Han,militaire,soldat sud-coréen,bataillon français de l'ONU (BF/ONU) - 2e compagnie,10-1951,Crèvecoeur,Corée,,Crèvecoeur,,,,,,,,,Non Mort pour la France,"Service historique de la Défense, Caen"
KWON,Byung-Yung,militaire,soldat sud-coréen,bataillon français de l'ONU (BF/ONU) - 2e compagnie,26-01-1951,,,,Wonju,,,,,,,,,Non Mort pour la France,"Service historique de la Défense, Caen"
LABOURE,Pierre Victor,militaire,soldat,bataillon français de l'ONU (BF/ONU),06-10-1952,Myojang Myon,Corée,mort au champ d'honneur,Arrowhead,28-06-1922,Brest,,"Portieux (88 - Vosges, France)",Nancy (54),88855,,AC 35 R 137,Mort pour la France,"Service historique de la Défense, Caen"
LACAZE,Jean,militaire,caporal,bataillon français de l'ONU (BF/ONU),05-03-1953,Pochum-Ni,Corée,des suites de blessures,Song-Kok,21-02-1932,Sainte-Marie-de-Gosse,"Paris 8e arrondissement (75 - Paris (ex Seine), France)","Sainte-Marie-de-Gosse (40 - Landes, France)",Seine (75),75,1952,AC 35 R 138,Mort pour la France,"Service historique de la Défense, Caen"
LAGAREC,Joseph  André,militaire,sergent,bataillon français de l'ONU (BF/ONU),06-10-1952,Myojang Myon,Corée,mort au champ d'honneur,Arrowhead,01-04-1931,Etaples,"Touquet-Paris-Plage (Le) (62 - Pas-de-Calais, France)","Touquet-Paris-Plage (Le) (62 - Pas-de-Calais, France)",Valenciennes (59),,,AC 35 R 139,Mort pour la France,"Service historique de la Défense, Caen"
LAKITA,Mahrous Lactine,militaire,soldat,bataillon français de l'ONU (BF/ONU) - 3e compagnie,14-02-1953,Pochum Dong - région de Maejong-Ni,Corée,mort au champ d'honneur,Song-Kok,1927,Jdeidet Artouze,"Paris 1er arrondissement (75 - Paris (ex Seine), France)",Pusan (Corée),Madagascar,,1947,AC 35 R 140,Mort pour la France,"Service historique de la Défense, Caen"
LAMPERTI,Paul Louis,militaire,caporal-chef,bataillon français de l'ONU (BF/ONU),06-10-1952,Myojang Myon,Corée,,Arrowhead,27-09-1932,Corte,"Corte (20 - 2B - Haute-Corse, France)","Casamaccioli (20 - 2A - Corse-du-Sud, France)",Ajaccio (20),5211,,AC 35 R 141,Mort pour la France,"Service historique de la Défense, Caen"
LAMPIN,Marcel,militaire,soldat,bataillon français de l'ONU (BF/ONU) - 1re compagnie,02-01-1951,Changon-Ri,Corée,,Twin-Tunnels,07-09-1929,Annay-sous-Lens,,"Ernes (62 - Pas-de-Calais, France)",,,,AC 35 R 142,Mort pour la France,"Service historique de la Défense, Caen"
LANDRI,Mohammed ben Amar,militaire,soldat,bataillon français de l'ONU (BF/ONU) - 3e compagnie,18-07-1952,Kan Kyong - région de Chorwon,Corée,tué au combat,T-Bone,08-01-1923,Village de Tala,Tara (Algérie),Pusan (Corée),Alger (Algérie),3220,,AC 35 R 143,Mort pour la France,"Service historique de la Défense, Caen"
LANDRY,Jacques Marcel,militaire,soldat,bataillon français de l'ONU (BF/ONU),30-05-1952,Kaepyong,Corée,accident,Hors combat,07-04-1927,Issy-les-Moulineaux,,"Issy-les-Moulineaux (92 - Hauts-de-Seine (ex Seine et Seine-et-Oise), France)",Seine (75),54411,,AC 35 R 144,Mort pour la France,"Service historique de la Défense, Caen"
LANET,Alfred Jean Marius,militaire,soldat,bataillon français de l'ONU (BF/ONU) - 3e compagnie,26-09-1951,,,tué par éclats d'obus,Crèvecoeur,21-07-1927,Dijon,"Dijon (21 - Côte-d'Or, France)","Dijon (21 - Côte-d'Or, France)",Dijon (21),10919,,AC 35 R 145,Mort pour la France,"Service historique de la Défense, Caen"
LANGLOIS,Georges Henri,militaire,soldat,bataillon français de l'ONU (BF/ONU),06-10-1952,Myojang Myon,Corée,mort au champ d'honneur,Arrowhead,19-03-1927,Conches,,"Ferrières-Haut-Clocher (27 - Eure, France)",,,,AC 35 R 146,Mort pour la France,"Service historique de la Défense, Caen"
LASRI MOHAMED BEN KADDOUR,,militaire,caporal-chef,bataillon français de l'ONU (BF/ONU),05-03-1951,Munchi,Corée,des suites de blessures,cote 1037,1915,Tara,Tara (Algérie),Pusan (Corée),,318,,AC 35 R 147,Mort pour la France,"Service historique de la Défense, Caen"
LATOUR,Pierre Alphonse,militaire,soldat,bataillon français de l'ONU (BF/ONU) - 3e compagnie,30-05-1951,Inje,Corée,tué à l'ennemi,Inje,07-02-1927,Corcelles-les-Arts,"Mercueil (21 - Côte-d'Or, France)","Corcelles-les-Arts (21 - Côte-d'Or, France)",Dijon (21),6785,,AC 35 R 148,Mort pour la France,"Service historique de la Défense, Caen"
LE FUR,Roger,militaire,soldat,bataillon français de l'ONU (BF/ONU),13-02-1951,Chipyong-Ni,Corée,des suites de blessures,Chipyong-Ni,22-07-1930,Saint-Denis,"Saint-Denis (93 - Seine-Saint-Denis (ex Seine et Seine-et-Oise), France)","Saint-Denis (93 - Seine-Saint-Denis (ex Seine et Seine-et-Oise), France)",,,,AC 35 R 156,Mort pour la France,"Service historique de la Défense, Caen"
LE GENDRE,Guy Fernand,militaire,lieutenant,bataillon français de l'ONU (BF/ONU),05-03-1951,Munchi,Corée,tué au combat,cote 1037,13-12-1922,Fécamp,"Rouen (76 - Seine-Maritime (ex Seine-Inférieure), France)","Rouen (76 - Seine-Maritime (ex Seine-Inférieure), France)",,,,AC 35 R 157,Mort pour la France,"Service historique de la Défense, Caen"
LE MAITRE,André Louis,militaire,commandant,bataillon français de l'ONU (BF/ONU),01-02-1951,Muchon - près de Chipyong-Ni,Corée,tué au combat,Twin-Tunnels,21-05-1912,Paris 11e arrondissement,"Vannes (56 - Morbihan, France)","Vannes (56 - Morbihan, France)",,,1932,AC 35 R 161,Mort pour la France,"Service historique de la Défense, Caen"
LE METAYER,Daniel Bernard René,militaire,caporal,bataillon français de l'ONU (BF/ONU),04-08-1952,Tumyong - région de Chorwon,Corée,tué au combat,T-Bone,03-03-1929,Argenteuil,"Argenteuil (78 - Yvelines (ex Seine-et-Oise), France)","Argenteuil (78 - Yvelines (ex Seine-et-Oise), France)",,,,AC 35 R 164,Mort pour la France,"Service historique de la Défense, Caen"
LE REST,Yves Hervé Marie,militaire,caporal-chef,bataillon français de l'ONU (BF/ONU) - 3e compagnie,18-07-1952,Chorwon,Corée,tué au combat,T-Bone,08-06-1927,Plouguerneau,"Plouguerneau (29 - Finistère, France)","Plouguerneau (29 - Finistère, France)",Rennes (35),14836,1947,AC 35 R 165,Mort pour la France,"Service historique de la Défense, Caen"
LE ROUX,Louis,militaire,lieutenant,bataillon français de l'ONU (BF/ONU),05-03-1951,Munchi,Corée,tué au combat,cote 1037,16-02-1923,Lanmeur,"Lanmeur (29 - Finistère, France)","Lameur (29 - Finistère, France)",,,,AC 35 R 166,Mort pour la France,"Service historique de la Défense, Caen"
LE ROY,Jean Louis,militaire,soldat,bataillon français de l'ONU (BF/ONU),26-10-1952,Tokyo - hôpital,Japon,des suites de blessures,Hors combat,20-06-1920,Kervolant,"Guilers (29 - Finistère, France)","Brest (29 - Finistère, France)",Rennes (35),,,AC 35 R 167,Mort pour la France,"Service historique de la Défense, Caen"
LEBRETONNIC,Aimé Joseph,militaire,caporal,bataillon français de l'ONU (BF/ONU),08-10-1951,,,des suites de blessures,Crèvecoeur,29-01-1924,Ploërdut,,"Ormoy-la-Rivière (91 - Essonne (ex Seine-et-Oise), France)",,,,AC 35 R 149,Mort pour la France,"Service historique de la Défense, Caen"
LECA,Xavier,militaire,soldat,bataillon français de l'ONU (BF/ONU) - 3e compagnie,06-10-1952,Myojang Myon,Corée,mort au champ d'honneur,Arrowhead,24-09-1927,Marseille,"Marseille (13 - Bouches-du-Rhône, France)","Lopina (20 - 2A - Corse-du-Sud, France)",Marseille (13),21642,,AC 35 R 150,Mort pour la France,"Service historique de la Défense, Caen"
LECLERC,Claude Henri,militaire,soldat,bataillon français de l'ONU (BF/ONU),06-10-1952,Myojang Myon,Corée,mort au champ d'honneur,Arrowhead,20-06-1928,Paris 14e arrondissement,"Clamart (92 - Hauts-de-Seine (ex Seine et Seine-et-Oise), France)","Montrouge (92 - Hauts-de-Seine (ex Seine et Seine-et-Oise), France)",Seine (75),715555,,AC 35 R 151,Mort pour la France,"Service historique de la Défense, Caen"
LECLERCQ,Maurice Henri,militaire,soldat,bataillon français de l'ONU (BF/ONU),07-10-1951,Pia-Ri,Corée,tué au combat,Crèvecoeur,12-08-1916,Creil,,"Pantin (93 - Seine-Saint-Denis (ex Seine et Seine-et-Oise), France)",,1873,1936,AC 35 R 152,Mort pour la France,"Service historique de la Défense, Caen"
LECLERCQ,Raymond Gilbert,militaire,soldat,bataillon français de l'ONU (BF/ONU),26-01-1953,,,des suites de blessures,Song-Kok,11-01-1930,Paris 15e arrondissement,"Boulogne-Billancourt (92 - Hauts-de-Seine (ex Seine et Seine-et-Oise), France)","Boulogne-Billancourt (92 - Hauts-de-Seine (ex Seine et Seine-et-Oise), France)",,,,AC 35 R 153,Mort pour la France,"Service historique de la Défense, Caen"
LECOULTRE,Henri  Marcel,militaire,soldat,bataillon français de l'ONU (BF/ONU),13-08-1951,Ihyon-Ni,Corée,tué au combat,Le Bol,01-03-1925,Seloncourt,"Mandeure (25 - Doubs, France)","Mandeure (25 - Doubs, France)",Dijon (21),21479,1945,AC 35 R 154,Mort pour la France,"Service historique de la Défense, Caen"
LEDOUX,Jean Marie Charles,militaire,caporal-chef,bataillon français de l'ONU (BF/ONU) - 3e compagnie,12-10-1951,Pia-Ri,Corée,tué à l'ennemi,Crèvecoeur,21-11-1926,Grodino,,Pusan (Corée),,,,AC 35 R 155,Mort pour la France,"Service historique de la Défense, Caen"
LEE,In-Euk,militaire,soldat sud-coréen,bataillon français de l'ONU (BF/ONU) - 2e compagnie,09-1951,Le Bol,Corée,,Le Bol,,,,,,,,,Non Mort pour la France,"Service historique de la Défense, Caen"
LEE,Sang-Box,militaire,soldat sud-coréen,bataillon français de l'ONU (BF/ONU) - 2e compagnie,06-1951,Inje,Corée,,Inje,,,,,,,,,Non Mort pour la France,"Service historique de la Défense, Caen"
LEE,Tae-San,militaire,soldat sud-coréen,bataillon français de l'ONU (BF/ONU) - 2e compagnie,10-1951,Crèvecoeur,Corée,,Crèvecoeur,,,,,,,,,Non Mort pour la France,"Service historique de la Défense, Caen"
LELAY,André Jacques,militaire,soldat,bataillon français de l'ONU (BF/ONU) - 3e compagnie,26-06-1953,Hagasan,Corée,des suites de blessures,Song-Kok,23-03-1933,Paris 6e arrondissement,"Chevilly-Larue (94 - Val-de-Marne (ex Seine et Seine-et-Oise), France)",Pusan (Corée),Seine (75),5175904,1953,AC 35 R 158,Mort pour la France,"Service historique de la Défense, Caen"
LELOIRE,Roger,militaire,sergent,bataillon français de l'ONU (BF/ONU) - 1re compagnie,10-01-1951,Majon - région de Wonju,Corée,tué par balle,Wonju,08-11-1918,Paris 14e arrondissement,"Paris 17e arrondissement (75 - Paris (ex Seine), France)","Thiais (94 - Val-de-Marne (ex Seine et Seine-et-Oise), France)",,,,AC 35 R 159,Mort pour la France,"Service historique de la Défense, Caen"
LEMAIRE,Michel,militaire,caporal-chef,bataillon français de l'ONU (BF/ONU),05-03-1951,Munchi,Corée,tué au combat,cote 1037,02-09-1925,Rosendaël,"Paris 19e arrondissement (75 - Paris (ex Seine), France)",Pusan (Corée),,,,AC 35 R 160,Mort pour la France,"Service historique de la Défense, Caen"
LEMARIE,Jean Charles Louis,militaire,soldat,bataillon français de l'ONU (BF/ONU),06-10-1952,Myojang Myon,Corée,mort au champ d'honneur,Arrowhead,03-10-1930,Pré-en-Pail,,"Pré-en-Pail (53 - Mayenne, France)",Rennes (35),,1931,AC 35 R 162,Mort pour la France,"Service historique de la Défense, Caen"
LEMERCIER,Jean Achille,militaire,soldat,bataillon français de l'ONU (BF/ONU) - 3e compagnie,20-02-1952,Mangon,Corée,tué au combat,Triangle de fer,12-12-1929,Paris 9e arrondissement,"Paris 4e arrondissement (75 - Paris (ex Seine), France)","Clichy (92 - Hauts-de-Seine (ex Seine et Seine-et-Oise), France)",,11567,,AC 35 R 163,Mort pour la France,"Service historique de la Défense, Caen"
LESAGE,Adrien Julien,militaire,sergent-chef,bataillon français de l'ONU (BF/ONU) - 3e compagnie,30-05-1951,Inje,Corée,des suites de blessures,Inje,09-01-1913,Saint-Denis,"Saint-Denis (93 - Seine-Saint-Denis (ex Seine et Seine-et-Oise), France)",Pusan (Corée),,,,AC 35 R 168,Mort pour la France,"Service historique de la Défense, Caen"
LESPINE,Roger Maurice Victor,militaire,soldat,bataillon français de l'ONU (BF/ONU),06-10-1952,Myojang Myon,Corée,mort au champ d'honneur,Arrowhead,21-12-1926,Paris 10e arrondissement,"Lorient (56 - Morbihan, France)",Pusan (Corée),,,,AC 35 R 169,Mort pour la France,"Service historique de la Défense, Caen"
LEVAL,Roger Jean Roland,militaire,soldat,bataillon français de l'ONU (BF/ONU),26-09-1951,,,tué au combat,Crèvecoeur,29-07-1920,Montmorency,"Montmorency (78 - Yvelines (ex Seine-et-Oise), France)","Montmorency (78 - Yvelines (ex Seine-et-Oise), France)",,10446,,AC 35 R 170,Mort pour la France,"Service historique de la Défense, Caen"
LEVREY,Marius,militaire,soldat,bataillon français de l'ONU (BF/ONU) - 1re compagnie,14-02-1951,Chipyong-Ni,Corée,des suites de blessures,Chipyong-Ni,01-08-1922,Lure,"Germigney (70 - Haute-Saône, France)","Belfort (90 - Territoire de Belfort, France)",,,,AC 35 R 171,Mort pour la France,"Service historique de la Défense, Caen"
LIM,Ho-Jeun,militaire,soldat sud-coréen,bataillon français de l'ONU (BF/ONU) - 2e compagnie,03-1953,Song-Kok,Corée,,Song-Kok,,,,,,,,,Non Mort pour la France,"Service historique de la Défense, Caen"
LIORET,Roger Gilbert,militaire,soldat,bataillon français de l'ONU (BF/ONU),17-05-1953,Chip-O-Ri,Corée,décédé accidentellement,Chip-O-Ri,12-02-1930,Paris 10e arrondissement,"Bondy (93 - Seine-Saint-Denis (ex Seine et Seine-et-Oise), France)","Bondy (93 - Seine-Saint-Denis (ex Seine et Seine-et-Oise), France)",Seine (75),16797,1950,AC 35 R 173,Mort pour la France,"Service historique de la Défense, Caen"
LISIECKI,Serge Joseph Camille,militaire,soldat,bataillon français de l'ONU (BF/ONU),02-01-1952,,,des suites de blessures,Triangle de fer,17-07-1928,Nancy,"Troyes (10 - Aube, France)","Troyes (10 - Aube, France)",,,,AC 35 R 174,Mort pour la France,"Service historique de la Défense, Caen"
ERES,Albert Joseph Raphaël Ll,militaire,soldat,bataillon français de l'ONU (BF/ONU) - 1re compagnie,07-10-1952,Myojang Myon,Corée,tué au combat,Arrowhead,10-08-1921,Prats-de-Mollo-la-Preste,"Prats-de-Mollo-la-Preste (66 - Pyrénées-Orientales, France)","Perpignan (66 - Pyrénées-Orientales, France)",,,,AC 35 R 172,Mort pour la France,"Service historique de la Défense, Caen"
LOISEAU,Roger Marcel René,militaire,soldat,bataillon français de l'ONU (BF/ONU) - 1re compagnie,04-03-1951,Munchi,Corée,tué au combat,cote 1037,20-02-1930,Savigny-sur-Braye,"Riche (La) (37 - Indre-et-Loire, France)","Tours (37 - Indre-et-Loire, France)",,,,AC 35 R 175,Mort pour la France,"Service historique de la Défense, Caen"
MADDALENO,Henri,militaire,soldat,bataillon français de l'ONU (BF/ONU),16-09-1951,Chohanggol - cote 841,Corée,tué au combat,Crèvecoeur,18-03-1931,Jeumont,"Denain (59 - Nord, France)",Pusan (Corée),,,1951,AC 35 R 176,Mort pour la France,"Service historique de la Défense, Caen"
MAIGRE,Yves,militaire,sergent,bataillon français de l'ONU (BF/ONU) - 1re compagnie,25-07-1952,Song Chong Dong - région de Chorwon,Corée,tué au combat,T-Bone,21-07-1924,Cunèges,"Cunèges (24 - Dordogne, France)","Cumèges (24 - Dordogne, France)",Limoges (87),2835,1944,AC 35 R 177,Mort pour la France,"Service historique de la Défense, Caen"
MAILLOT,Joseph Raymond,militaire,soldat,bataillon français de l'ONU (BF/ONU) - 2e compagnie,28-05-1951,Inje,Corée,des suites de blessures,Inje,31-05-1930,Saint-Denis,"Saint-Denis (974 - La Réunion, France)",Pusan (Corée),La Réunion,1136,,AC 35 R 178,Mort pour la France,"Service historique de la Défense, Caen"
MAKSYMINK,Jean Albert René,militaire,soldat,bataillon français de l'ONU (BF/ONU) - 2e compagnie,08-10-1952,Myojang Myon,Corée,mort au champ d'honneur,Arrowhead,14-10-1930,Paris 10e arrondissement,"Bondy (93 - Seine-Saint-Denis (ex Seine et Seine-et-Oise), France)","Bondy (93 - Seine-Saint-Denis (ex Seine et Seine-et-Oise), France)",Seine (75),,,AC 35 R 179,Mort pour la France,"Service historique de la Défense, Caen"
MALARD,Maurice Lucien Marcel,militaire,soldat,bataillon français de l'ONU (BF/ONU),01-02-1951,Muchon - près de Chipyong-Ni,Corée,tué au combat,Twin-Tunnels,26-11-1930,Verrières-le-Buisson,"Verrières-le-Buisson (78 - Yvelines (ex Seine-et-Oise), France)","Verrières-le-Buisson (91 - Essonne (ex Seine-et-Oise), France)",,,1950,AC 35 R 180,Mort pour la France,"Service historique de la Défense, Caen"
MARE,Hubert Auguste Alexandre,militaire,sergent,bataillon français de l'ONU (BF/ONU) - 3e compagnie,25-09-1951,,,des suites de blessures,Crèvecoeur,08-01-1925,Paris 12e arrondissement,"Rueil-Malmaison (78 - Yvelines (ex Seine-et-Oise), France)","Cuse (25 - Doubs, France)",,51792,,AC 35 R 181,Mort pour la France,"Service historique de la Défense, Caen"
MARGERIE,André Didier,militaire,sergent,bataillon français de l'ONU (BF/ONU) - 2e compagnie,18-10-1952,Myojang Myon,Corée,mort au champ d'honneur,Arrowhead,12-04-1926,Saint-Médard-en-Jalles,"Saint-Médard-en-Jalles (33 - Gironde, France)","Saint-Médard-en-Jalles (33 - Gironde, France)",Poitiers (86),1458,,AC 35 R 182,Mort pour la France,"Service historique de la Défense, Caen"
MARTEL,Kléber Lucien Paul,militaire,soldat,bataillon français de l'ONU (BF/ONU),30-03-1953,,,des suites de blessures,Song-Kok,28-03-1930,Auxi-le-Château,"Auxi-le-Château (62 - Pas-de-Calais, France)","Auxi-le-Château (62 - Pas-de-Calais, France)",Valenciennes (59),29641,,AC 35 R 183,Mort pour la France,"Service historique de la Défense, Caen"
MARTI,André Joseph Auguste,militaire,sergent,bataillon français de l'ONU (BF/ONU),07-03-1953,Osaka - hôpital militaire,Japon,des suites de blessures,Song-Kok,18-06-1925,Jonquières,"Jonquières (84 - Vaucluse, France)","Sainte-Marie-de-Gosse (40 - Landes, France)",,,,AC 35 R 184,Mort pour la France,"Service historique de la Défense, Caen"
MARTIN,Pierre Yves René,militaire,soldat,bataillon français de l'ONU (BF/ONU),18-05-1951,Yong Nae-Ri,Corée,tué au combat,Putchaetul,16-11-1924,Saint-Mandé,"Paris 1er arrondissement (75 - Paris (ex Seine), France)","Pantin (93 - Seine-Saint-Denis (ex Seine et Seine-et-Oise), France)",,,1944,AC 35 R 185,Mort pour la France,"Service historique de la Défense, Caen"
MARTINI,Henri,militaire,soldat,bataillon français de l'ONU (BF/ONU),20-02-1953,Pochum Dong - région de Maejong-Ni,Corée,tué au combat,Song-Kok,04-03-1930,Paris 10e arrondissement,"Villeparisis (77 - Seine-et-Marne, France)","Villeparisis (77 - Seine-et-Marne, France)",,,,AC 35 R 186,Mort pour la France,"Service historique de la Défense, Caen"
MARTINOVITZ,Jacques,militaire,soldat,bataillon français de l'ONU (BF/ONU),05-03-1951,Munchi,Corée,des suites de blessures,cote 1037,28-11-1929,Orléans,"Brassac-les-Mines (62 - Pas-de-Calais, France)","Brassac-les-Mines (63 - Puy-de-Dôme, France)",,410,,AC 35 R 187,Mort pour la France,"Service historique de la Défense, Caen"
MASSIN,Joseph Romain,militaire,soldat,bataillon français de l'ONU (BF/ONU),07-10-1952,Myojang Myon,Corée,disparu au combat,Arrowhead,28-03-1928,Rosendaël,"Fouquières-lès-Lens (62 - Pas-de-Calais, France)",,,11059,,AC 35 R 189,Mort pour la France,"Service historique de la Défense, Caen"
MASSON,Germain Lucien,militaire,sergent,bataillon français de l'ONU (BF/ONU),18-05-1951,Yong Nae-Ri,Corée,des suites de blessures,Putchaetul,09-12-1922,Martal,"Rouquette (24 - Dordogne, France)","Rouquette (24 - Dordogne, France)",Metz (57),9278,1942,AC 35 R 190,Mort pour la France,"Service historique de la Défense, Caen"
MATHIEU,Daniel Gaston,militaire,soldat,bataillon français de l'ONU (BF/ONU) - 3e compagnie,01-02-1951,Muchon - près de Chipyong-Ni,Corée,tué au combat,Twin-Tunnels,05-07-1925,Lethour,"Mondeuille (14 - Calvados, France)","Mondeville (14 - Calvados, France)",,,1945,AC 35 R 191,Mort pour la France,"Service historique de la Défense, Caen"
MAUDUIT,René Alphonse Ferdinand,militaire,soldat,bataillon français de l'ONU (BF/ONU) - 3e compagnie,22-02-1952,Chipyong Dong - Hôpital de Kwangju,Corée,maladie,Triangle de fer,21-12-1914,Isigny-sur-Mer,"Isigny-sur-Mer (14 - Calvados, France)",Pusan (Corée),Rennes (35),1789,1934,AC 35 R 192,Mort pour la France,"Service historique de la Défense, Caen"
MAURER,Jean Pierre,militaire,sergent,bataillon français de l'ONU (BF/ONU) - 3e compagnie,10-03-1951,Pusan - hôpital américain,Corée,des suites de blessures,cote 1037,06-03-1924,Mulhouse,"Mulhouse (68 - Haut-Rhin, France)",Pusan (Corée),,1136,,AC 35 R 193,Mort pour la France,"Service historique de la Défense, Caen"
MAZENQ,Henri Raymond,militaire,volontaire,bataillon français de l'ONU (BF/ONU),10-08-1951,Soktunje,Corée,disparu,Le Bol,07-02-1928,Paris 10e arrondissement,"Paris 18e arrondissement (75 - Paris (ex Seine), France)",,Seine (75),33845,1950,AC 35 R 194,Mort pour la France,"Service historique de la Défense, Caen"
MENASRIA,Mohamed,militaire,soldat,bataillon français de l'ONU (BF/ONU),06-10-1952,Myojang Myon,Corée,mort au champ d'honneur,Arrowhead,1928,Douard Ouled Soukies  - Souk Ahras,,Pusan (Corée),,,,AC 35 R 195,Mort pour la France,"Service historique de la Défense, Caen"
MENETRIER,Claude Jean Frédéric,militaire,soldat,bataillon français de l'ONU (BF/ONU) - 2e compagnie,06-10-1952,Myojang Myon,Corée,mort au champ d'honneur,Arrowhead,11-07-1926,Havre,"Blois (41 - Loir-et-Cher, France)","Blois (41 - Loir-et-Cher, France)",,,,AC 35 R 196,Mort pour la France,"Service historique de la Défense, Caen"
MENINI,Marcel Pierre Léon Dominique,militaire,soldat,bataillon français de l'ONU (BF/ONU),07-10-1951,,,des suites de blessures,Crèvecoeur,03-03-1927,Remiremont,"Saint-Germain (70 - Haute-Saône, France)",Pusan (Corée),Dijon (21),8746,,AC 35 R 197,Mort pour la France,"Service historique de la Défense, Caen"
MERLOU,Jean Pierre Marie,militaire,soldat,bataillon français de l'ONU (BF/ONU),11-09-1953,,,des suites de brûlures,Hors combat,22-02-1928,Raincy,"Paris 17e arrondissement (75 - Paris (ex Seine), France)","Thiais (94 - Val-de-Marne (ex Seine et Seine-et-Oise), France)",,,,AC 35 R 198,Mort pour la France,"Service historique de la Défense, Caen"
MEYER,Paul Eugène,militaire,caporal,bataillon français de l'ONU (BF/ONU),15-09-1951,Pia-Ri - cote 841,Corée,des suites de blessures,Crèvecoeur,20-01-1927,Colmar,"Clichy (93 - Seine-Saint-Denis (ex Seine et Seine-et-Oise), France)","Clichy (92 - Hauts-de-Seine (ex Seine et Seine-et-Oise), France)",Strasbourg (67),14761,1947,AC 35 R 199,Mort pour la France,"Service historique de la Défense, Caen"
MOALIC,Yves Marie Guillaume,militaire,caporal,bataillon français de l'ONU (BF/ONU),06-10-1952,Myojang Myon,Corée,mort au champ d'honneur,Arrowhead,29-05-1928,Meilars,"Plouhinec (29 - Finistère, France)","Plouhinec (29 - Finistère, France)",Rennes (35),13808,1948,AC 35 R 200,Mort pour la France,"Service historique de la Défense, Caen"
MOLINA,Jules André,militaire,caporal,bataillon français de l'ONU (BF/ONU) - 2e compagnie,07-02-1951,Chongon - hôpital,Corée,des suites de blessures,Chipyong-Ni,09-12-1927,Alger,"Paris 18e arrondissement (75 - Paris (ex Seine), France)",Oujda (Maroc),,1174,,AC 35 R 201,Mort pour la France,"Service historique de la Défense, Caen"
MONOT,Gérard,militaire,soldat,bataillon français de l'ONU (BF/ONU) - 1re compagnie,05-10-1952,Myojang Myon,Corée,tué au combat,Arrowhead,06-04-1930,Relecq-Kerhuon,"Relecq-Kerhuon (Le) (29 - Finistère, France)","Relecq-Kerhuon (Le) (29 - Finistère, France)",,,,AC 35 R 202,Mort pour la France,"Service historique de la Défense, Caen"
MONROIG,Joseph Raymond,militaire,soldat,bataillon français de l'ONU (BF/ONU) - 1re compagnie,16-02-1951,Muchon - près de Chipyong-Ni,Corée,tué au combat,Chipyong-Ni,01-02-1921,Perpignan,"Perpignan (66 - Pyrénées-Orientales, France)","Perpignan (66 - Pyrénées-Orientales, France)",,,,AC 35 R 203,Mort pour la France,"Service historique de la Défense, Caen"
MONTABERT,Johannes Louis Paul,militaire,soldat,bataillon français de l'ONU (BF/ONU),18-05-1951,Yong Nae-Ri,Corée,des suites de blessures,Putchaetul,07-06-1928,Neulise,"Paris 15e arrondissement (75 - Paris (ex Seine), France)","Thiais (94 - Val-de-Marne (ex Seine et Seine-et-Oise), France)",,,1948,AC 35 R 204,Mort pour la France,"Service historique de la Défense, Caen"
MONTHELIER,Jean Joseph Marcel,militaire,soldat,bataillon français de l'ONU (BF/ONU),05-03-1951,Pyong Chang - cote 1037,Corée,tué au combat,cote 1037,11-05-1931,Cours,"Cours (69 - Rhône, France)","Cours (69 - Rhône, France)",,,,AC 35 R 205,Mort pour la France,"Service historique de la Défense, Caen"
MONTHIERS DE CORBERON,Daniel Georges Marie Philippe,militaire,soldat,bataillon français de l'ONU (BF/ONU) - 1re compagnie,01-02-1951,Muchon - près de Chipyong-Ni,Corée,tué au combat,Twin-Tunnels,06-12-1926,Paris 7e arrondissement,"Paris 16e arrondissement (75 - Paris (ex Seine), France)","Freauville (76 - Seine-Maritime (ex Seine-Inférieure), France)",,,,AC 35 R 206,Mort pour la France,"Service historique de la Défense, Caen"
MORERE,Jean Denis Georges,militaire,soldat,bataillon français de l'ONU (BF/ONU),07-10-1952,,,des suites de blessures,Arrowhead,12-01-1933,Tarbes,"Bize (65 - Hautes-Pyrénées, France)","Bize (65 - Hautes-Pyrénées, France)",Toulouse (31),,1953,AC 35 R 207,Mort pour la France,"Service historique de la Défense, Caen"
MULLER,Roland,militaire,soldat,bataillon français de l'ONU (BF/ONU) - 3e compagnie,25-07-1952,Song Chong Dong - région de Chorwon,Corée,,T-Bone,21-10-1931,Florange,"Florange (57 - Moselle, France)","Florange (57 - Moselle, France)",Strasbourg (67),16120,,AC 35 R 208,Mort pour la France,"Service historique de la Défense, Caen"
NICODEME,Paul,militaire,sergent-chef,bataillon français de l'ONU (BF/ONU) - 3e compagnie,30-05-1951,Inje,Corée,des suites de blessures,Inje,05-12-1923,Denain,"Denain (59 - Nord, France)","Denain (59 - Nord, France)",,504,,AC 35 R 209,Mort pour la France,"Service historique de la Défense, Caen"
NICOLAI,Ange,militaire,lieutenant,bataillon français de l'ONU (BF/ONU) - 3e compagnie,01-02-1951,Muchon - près de Chipyong-Ni,Corée,tué au combat,Twin-Tunnels,05-10-1919,Propriano,"Carbini (20 - 2A - Corse-du-Sud, France)","Propriano (20 - 2A - Corse-du-Sud, France)",,,1939,AC 35 R 210,Mort pour la France,"Service historique de la Défense, Caen"
NICOLIER,Pierre Marcel,militaire,soldat,bataillon français de l'ONU (BF/ONU),05-03-1951,Munchi,Corée,tué au combat,cote 1037,08-08-1927,Baume-les-Dames,"Besançon (25 - Doubs, France)","Besançon (25 - Doubs, France)",,,,AC 35 R 211,Mort pour la France,"Service historique de la Défense, Caen"
NICOLLE,René Jean,militaire,soldat,bataillon français de l'ONU (BF/ONU),05-03-1951,Munchi,Corée,des suites de blessures,cote 1037,15-10-1931,Caen,"Mondeville (14 - Calvados, France)",Pusan (Corée),,,1951,AC 35 R 212,Mort pour la France,"Service historique de la Défense, Caen"
OGER,Michel Marie Joseph,militaire,soldat,bataillon français de l'ONU (BF/ONU) - 3e compagnie,21-02-1953,Pochum Dong - région de Maejong-Ni,Corée,tué au combat,Song-Kok,15-11-1927,Cancale,,"Saint-Servan-sur-Mer (35 - Ille-et-Vilaine, France)",Rennes (35),,,AC 35 R 213,Mort pour la France,"Service historique de la Défense, Caen"
ORRE,Roger Lucien Louis,militaire,caporal,bataillon français de l'ONU (BF/ONU) - 3e compagnie,27-02-1953,Chip-O-Ri - 38e Collecting Hospital,Corée,des suites de blessures,Song-Kok,02-06-1930,Puteaux,"Puteaux (92 - Hauts-de-Seine (ex Seine et Seine-et-Oise), France)","Puteaux (92 - Hauts-de-Seine (ex Seine et Seine-et-Oise), France)",Seine (75),,,AC 35 R 214,Mort pour la France,"Service historique de la Défense, Caen"
PAK,Chang-Moo,militaire,soldat sud-coréen,bataillon français de l'ONU (BF/ONU) - 2e compagnie,10-1951,Crèvecoeur,Corée,,Crèvecoeur,,,,,,,,,Non Mort pour la France,"Service historique de la Défense, Caen"
PARIENTY,Hubert Guy,militaire,caporal,bataillon français de l'ONU (BF/ONU),18-05-1951,Yong Nae-Ri,Corée,tué au combat,Putchaetul,08-06-1927,Saïgon,,Mers-el-Kebir (ex département d'Oran) (Algérie),Oran (Algérie),1454,1947,AC 35 R 215,Mort pour la France,"Service historique de la Défense, Caen"
PAVIA,Antoine André Philippe,militaire,soldat,bataillon français de l'ONU (BF/ONU) - 3e compagnie,23-01-1951,Majon - région de Wonju,Corée,tué par balle,Wonju,06-03-1927,Goulette,"Avignon (84 - Vaucluse, France)",Goulette (La) (Tunisie),,,1928,AC 35 R 216,Mort pour la France,"Service historique de la Défense, Caen"
PELERIN,James Alphonse Edouard,militaire,soldat,bataillon français de l'ONU (BF/ONU) - 2e compagnie,04-08-1952,Tumyong - région de Chorwon,Corée,tué au combat,T-Bone,16-03-1927,Chinon,"Paris 2e arrondissement (75 - Paris (ex Seine), France)","Chinon (37 - Indre-et-Loire, France)",,,,AC 35 R 217,Mort pour la France,"Service historique de la Défense, Caen"
PELTIER,Jacques Roland,militaire,soldat,bataillon français de l'ONU (BF/ONU) - 1re compagnie,17-07-1953,Kumwha,Corée,des suites de blessures,Song-Kok,03-03-1930,Tours,"Paris 4e arrondissement (75 - Paris (ex Seine), France)","Thiais (94 - Val-de-Marne (ex Seine et Seine-et-Oise), France)",,10821,,AC 35 R 218,Mort pour la France,"Service historique de la Défense, Caen"
PERREAU,Eugène François,militaire,soldat,bataillon français de l'ONU (BF/ONU),30-05-1952,Kaepyong,Corée,accident,Hors combat,27-09-1921,Crain,,"Crain (89 - Yonne, France)",Dijon (21),14962,1941,AC 35 R 219,Mort pour la France,"Service historique de la Défense, Caen"
PERRIN,Rémi,militaire,caporal-chef,bataillon français de l'ONU (BF/ONU) - 1re compagnie,07-10-1952,Myojang Myon,Corée,mort au champ d'honneur,Arrowhead,20-04-1932,Pagny-la-Ville,,"Pagny-la-Ville (21 - Côte-d'Or, France)",,,,AC 35 R 220,Mort pour la France,"Service historique de la Défense, Caen"
PETIT MALE,Joannès Louis,militaire,sergent-chef,bataillon français de l'ONU (BF/ONU) - 3e compagnie,26-09-1951,,,tué au combat,Crèvecoeur,18-02-1925,Décines-Charpieu,"Meyzieux (38 - Isère, France)","Meyzieux (38 - Isère, France)",Dijon (21),13591,,AC 35 R 221,Mort pour la France,"Service historique de la Défense, Caen"
PETITPAS,Gérard Ernest Raymond,militaire,caporal-chef,bataillon français de l'ONU (BF/ONU) - 3e compagnie,21-04-1952,,,des suites de blessures,Triangle de fer,18-02-1931,Montinort,,"Montmort (50 - Manche, France)",,,,AC 35 R 222,Mort pour la France,"Service historique de la Défense, Caen"
PHILIPPE,Henri Laurent Yves,militaire,sous-lieutenant,bataillon français de l'ONU (BF/ONU),18-05-1951,Yong Nae-Ri,Corée,tué par éclat de mortier,Putchaetul,01-07-1924,La Biolle,"Saint-Pierre-Quilbignon (29 - Finistère, France)","La Biolle (73 - Savoie, France)",Rabat (Maroc),3504,1944,AC 35 R 223,Mort pour la France,"Service historique de la Défense, Caen"
PINEAU,Robert Félix Jean,militaire,soldat,bataillon français de l'ONU (BF/ONU) - 1re compagnie,10-01-1951,Majon - région de Wonju,Corée,tué par balle,Wonju,13-05-1928,Saint Hilaire-du-Harcourt,"Tourlaville (50 - Manche, France)","Sables-d'Olonne (Les) (85 - Vendée, France)",,,1948,AC 35 R 224,Mort pour la France,"Service historique de la Défense, Caen"
PIOT,Michel Louis Marcel,militaire,caporal-chef,bataillon français de l'ONU (BF/ONU),26-02-1953,Pochum Dong - région de Maejong-Ni,Corée,mort au champ d'honneur,Song-Kok,07-03-1930,Cannes,Tunis (Tunisie),Pusan (Corée),,,,AC 35 R 225,Mort pour la France,"Service historique de la Défense, Caen"
PLOUVIER,Pierre Jean Paul,militaire,caporal,bataillon français de l'ONU (BF/ONU) - 3e compagnie,26-09-1951,,,tué au combat,Crèvecoeur,14-03-1928,Hem,,"Cholet (49 - Maine-et-Loire, France)",,,,AC 35 R 226,Mort pour la France,"Service historique de la Défense, Caen"
POUS,Claude Bernard,militaire,sergent,bataillon français de l'ONU (BF/ONU),06-10-1952,Myojang Myon,Corée,disparu,Arrowhead,07-11-1931,Courbevoie,"Paris 8e arrondissement (75 - Paris (ex Seine), France)",,Seine (75),1750,,AC 35 R 227,Mort pour la France,"Service historique de la Défense, Caen"
PUAULT,Camille Joseph,militaire,soldat,bataillon français de l'ONU (BF/ONU),06-03-1951,Munchi,Corée,tué par balle,cote 1037,16-08-1930,Aubervilliers,"Aubervilliers (93 - Seine-Saint-Denis (ex Seine et Seine-et-Oise), France)","Aubervilliers (93 - Seine-Saint-Denis (ex Seine et Seine-et-Oise), France)",,482,,AC 35 R 228,Mort pour la France,"Service historique de la Défense, Caen"
RAYMON,Georges,militaire,volontaire,bataillon français de l'ONU (BF/ONU) - 3e compagnie,30-09-1951,,,des suites de blessures,Crèvecoeur,27-12-1919,Pegomas,"Montauroux (83 - Var, France)","Montauroux (83 - Var, France)",,,,AC 35 R 229,Mort pour la France,"Service historique de la Défense, Caen"
RAYNAL,Henri Georges,militaire,sergent-chef,bataillon français de l'ONU (BF/ONU) - 3e compagnie,01-02-1951,Muchon - près de Chipyong-Ni,Corée,tué au combat,Twin-Tunnels,30-12-1921,Bordeaux,"Valence (82 - Tarn-et-Garonne, France)","Millau (12 - Aveyron, France)",,,,AC 35 R 230,Mort pour la France,"Service historique de la Défense, Caen"
RENAUX,André Robert,militaire,caporal,bataillon français de l'ONU (BF/ONU),05-03-1951,Munchi,Corée,des suites de blessures,cote 1037,20-06-1925,Dercy,,"Dereyn (01 - Ain, France)",,,1945,AC 35 R 231,Mort pour la France,"Service historique de la Défense, Caen"
RIGHI,Giovanni,militaire,sergent,bataillon français de l'ONU (BF/ONU) - 2e compagnie,05-10-1952,Myojang Myon,Corée,tué au combat,Arrowhead,30-07-1928,Bouligny,"Bethines (86 - Vienne, France)","Béthines (86 - Vienne, France)",Poitiers (86),5565,,AC 35 R 232,Mort pour la France,"Service historique de la Défense, Caen"
RIO,Pierre Marie,militaire,caporal-chef,bataillon français de l'ONU (BF/ONU) - 1re compagnie,14-08-1952,Inmong Myon - région de Chorwon,Corée,tué au combat,T-Bone,10-04-1932,Plesnof,"Bezons (78 - Yvelines (ex Seine-et-Oise), France)",Pusan (Corée),Seine (75),78977,,AC 35 R 233,Mort pour la France,"Service historique de la Défense, Caen"
RIVOALLAN,Hubert Francis Louis,militaire,soldat,bataillon français de l'ONU (BF/ONU),05-03-1951,Munchi,Corée,tué au combat,cote 1037,05-12-1929,Ploujean,"Morlaix (29 - Finistère, France)","Ploujean (29 - Finistère, France)",,,,AC 35 R 234,Mort pour la France,"Service historique de la Défense, Caen"
ROBIN,Marcel Léon,militaire,soldat,bataillon français de l'ONU (BF/ONU) - 3e compagnie,14-05-1951,Yong Nae-Ri,Corée,tué au combat,Putchaetul,08-03-1928,Filain,"Marseille (13 - Bouches-du-Rhône, France)","Filain (70 - Haute-Saône, France)",Dijon (21),1300,1948,AC 35 R 235,Mort pour la France,"Service historique de la Défense, Caen"
ROBIN,Mathurin Joseph Marie,militaire,soldat,bataillon français de l'ONU (BF/ONU),13-08-1951,Soktunje,Corée,disparu au combat,Le Bol,25-02-1926,Pont-Scorff,"Les-Loges-Marchis (50 - Manche, France)",,Rennes (35),5626,1946,AC 35 R 236,Mort pour la France,"Service historique de la Défense, Caen"
ROCHER,Georges René,militaire,caporal,bataillon français de l'ONU (BF/ONU),06-10-1952,Myojang Myon,Corée,mort au champ d'honneur,Arrowhead,25-10-1929,Clermont-Ferrand,,"Clermont-Ferrand (63 - Puy-de-Dôme, France)",,,,AC 35 R 237,Mort pour la France,"Service historique de la Défense, Caen"
ROUSSELET,Marcel Alfred Alphonse,militaire,caporal,bataillon français de l'ONU (BF/ONU),02-02-1951,Taegu - hôpital américain,Corée,tué par balle,Twin-Tunnels,10-11-1924,Carrouges,"Saint-Denis-sur-Sarthon (61 - Orne, France)","Saint-Denis-sur-Sarthon (61 - Orne, France)",,192,,AC 35 R 238,Mort pour la France,"Service historique de la Défense, Caen"
ROUX,Pierre Jacques Gilbert,militaire,soldat,bataillon français de l'ONU (BF/ONU),16-09-1951,Chohanggol - cote 841,Corée,tué au combat,Crèvecoeur,22-11-1927,Saint-André,"Saint-Bris-des-Bois (17 - Charente-Maritime (ex Charente-Inférieure), France)","Julien-de-l'Escape (17 - Charente-Maritime (ex Charente-Inférieure), France)",Poitiers (86),3706,1947,AC 35 R 239,Mort pour la France,"Service historique de la Défense, Caen"
SALVI,Primo,militaire,soldat,bataillon français de l'ONU (BF/ONU) - 2e compagnie,01-02-1951,Muchon - près de Chipyong-Ni,Corée,tué au combat,Twin-Tunnels,15-09-1924,Rotaydentro,"Frasne (25 - Doubs, France)","Erasme (25 - Doubs, France)",Dijon (21),,1944,AC 35 R 240,Mort pour la France,"Service historique de la Défense, Caen"
SAMSON,Pierre Théophile,militaire,soldat,bataillon français de l'ONU (BF/ONU) - 3e compagnie,12-02-1951,Majon - région de Wonju,Corée,tué au combat,Wonju,27-01-1920,Clohars-Carnoët,"Clohars-Carnoët (22 - Côtes-d'Armor (ex Côtes-du-Nord), France)",Pusan (Corée),Rennes (35),,1940,AC 35 R 241,Mort pour la France,"Service historique de la Défense, Caen"
SARDA,Gaëtan Hubert,militaire,soldat,bataillon français de l'ONU (BF/ONU) - 1re compagnie,29-09-1951,,,tué au combat,Crèvecoeur,16-08-1925,Viviers,"Pamiers (09 - Ariège, France)",Pusan (Corée),,,,AC 35 R 242,Mort pour la France,"Service historique de la Défense, Caen"
SAVARD,Bernard Marcel,militaire,caporal,bataillon français de l'ONU (BF/ONU) - 3e compagnie,01-02-1951,Muchon - près de Chipyong-Ni,Corée,tué au combat,Twin-Tunnels,15-09-1929,Joinville-le-Pont,"Joinville (52 - Haute-Marne, France)","Joinville (52 - Haute-Marne, France)",,,,AC 35 R 243,Mort pour la France,"Service historique de la Défense, Caen"
SCHEIDT,René André,militaire,caporal,bataillon français de l'ONU (BF/ONU) - 2e compagnie,08-02-1951,Muchon - près de Chipyong-Ni,Corée,tué au combat,Chipyong-Ni,07-07-1929,Mundolsheim,"Mundolsheim (67 - Bas-Rhin, France)",Pusan (Corée),,,,AC 35 R 244,Mort pour la France,"Service historique de la Défense, Caen"
SEGMANE,Saadi,militaire,soldat,bataillon français de l'ONU (BF/ONU),20-09-1951,Chohanggol - cote 841,Corée,tué au combat,Crèvecoeur,1921,douar d,,Pusan (Corée),,,,AC 35 R 245,Mort pour la France,"Service historique de la Défense, Caen"
SEMBDNER,Bernard Marcel,militaire,caporal,bataillon français de l'ONU (BF/ONU) - 3e compagnie,15-10-1952,Myojang Myon,Corée,mort au champ d'honneur,Arrowhead,29-01-1928,Troyes,"Saint-Phal (10 - Aube, France)",Pusan (Corée),,,,AC 35 R 246,Mort pour la France,"Service historique de la Défense, Caen"
SEMELIER,Maurice Marcel,militaire,sergent-chef,bataillon français de l'ONU (BF/ONU) - 1re compagnie,15-02-1951,Muchon - près de Chipyong-Ni,Corée,des suites de blessures,Chipyong-Ni,01-07-1925,Subligny,"Garchizy (58 - Nièvre, France)","Brinon-sur-Sauldre (18 - Cher, France)",,,,AC 35 R 247,Mort pour la France,"Service historique de la Défense, Caen"
SERMAGE,Hubert René,militaire,soldat,bataillon français de l'ONU (BF/ONU) - 1re compagnie,06-10-1952,Myojang Myon,Corée,mort au champ d'honneur,Arrowhead,27-01-1929,Poinson-lès-Grancey,"Leffonds (52 - Haute-Marne, France)","Lefonds (52 - Haute-Marne, France)",,,,AC 35 R 248,Mort pour la France,"Service historique de la Défense, Caen"
SERRE,Léon Robert,militaire,capitaine,bataillon français de l'ONU (BF/ONU) - 3e compagnie,01-02-1951,Muchon - près de Chipyong-Ni,Corée,tué au combat,Twin-Tunnels,08-05-1915,Lanester,"Lorient (56 - Morbihan, France)","Lorient (56 - Morbihan, France)",,,1935,AC 35 R 249,Mort pour la France,"Service historique de la Défense, Caen"
SERRIER,Robert,militaire,sergent-chef,bataillon français de l'ONU (BF/ONU) - 2e compagnie,10-01-1951,Majon - région de Wonju,Corée,des suites de blessures,Wonju,04-11-1919,Paris,"Saint-Eusèbe (71 - Saône-et-Loire, France)","Montceau-les-Mines (71 - Saône-et-Loire, France)",Dijon (21),1046,1939,AC 35 R 250,Mort pour la France,"Service historique de la Défense, Caen"
SERVAT,Emmanuel Jean Marie,militaire,soldat,bataillon français de l'ONU (BF/ONU),06-10-1952,Myojang Myon - Mobil Army Surgical Hospital 8050,Corée,des suites de blessures,Arrowhead,31-01-1929,Paris 14e arrondissement,"Haÿ-les-Roses (L') (92 - Hauts-de-Seine (ex Seine et Seine-et-Oise), France)","Thiais (94 - Val-de-Marne (ex Seine et Seine-et-Oise), France)",,,,AC 35 R 251,Mort pour la France,"Service historique de la Défense, Caen"
SIMONET,René Jean,militaire,soldat,bataillon français de l'ONU (BF/ONU) - 2e compagnie,22-08-1951,Inje,Corée,accident,Le Bol,10-05-1922,Brive-la-Gaillarde,,"Brive-la-Gaillarde (19 - Corrèze, France)",,,,AC 35 R 252,Mort pour la France,"Service historique de la Défense, Caen"
SIN,Hae-Sool,militaire,soldat sud-coréen,bataillon français de l'ONU (BF/ONU) - 2e compagnie,06-1951,Inje,Corée,,Inje,,,,,,,,,Non Mort pour la France,"Service historique de la Défense, Caen"
STOCCHETTI,André Pierre,militaire,sergent,bataillon français de l'ONU (BF/ONU) - 1re compagnie,04-04-1953,Pochum Dong - région de Maejong-Ni,Corée,accident,Song-Kok,20-12-1932,Belfort,"Épinal (88 - Vosges, France)","Remiremont (88 - Vosges, France)",,,,AC 35 R 253,Mort pour la France,"Service historique de la Défense, Caen"
TAGGIASCO,Lucien Marcel Fernand,militaire,capitaine,bataillon français de l'ONU (BF/ONU) - 2e compagnie,27-07-1952,Inmong Myon - région de Chorwon,Corée,tué au combat,T-Bone,11-05-1913,Menton,,"Menton (06 - Alpes-Maritimes, France)",Nice (06),172,1933,AC 35 R 254,Mort pour la France,"Service historique de la Défense, Caen"
TAS DAHMANE,,militaire,caporal-chef,bataillon français de l'ONU (BF/ONU),29-08-1953,Myojang Myon - Mobil Army Surgical Hospital 8050,Corée,des suites de blessures,Hors combat,30-03-1928,Palestro,Palestro (ex département d'Alger) (Algérie),Palestro (ex département d'Alger) (Algérie),Alger (Algérie),642,,AC 35 R 255,Mort pour la France,"Service historique de la Défense, Caen"
TESSONNEAU,Yves,militaire,soldat,bataillon français de l'ONU (BF/ONU) - 1re compagnie,01-02-1951,Muchon - près de Chipyong-Ni,Corée,tué au combat,Twin-Tunnels,16-02-1926,Berneil,"Montboyer (16 - Charente, France)","Montboyer (16 - Charente, France)",,,1946,AC 35 R 256,Mort pour la France,"Service historique de la Défense, Caen"
THIERRY,André Henri Gabriel,militaire,soldat,bataillon français de l'ONU (BF/ONU),13-02-1951,Muchon - près de Chipyong-Ni,Corée,tué au combat,Chipyong-Ni,18-01-1927,Sorguanville,,Pusan (Corée),,,,AC 35 R 257,Mort pour la France,"Service historique de la Défense, Caen"
TRIMAILLE,Pierre Marie Félicien,militaire,adjudant-chef,bataillon français de l'ONU (BF/ONU),28-06-1951,Inje,Corée,tué par éclats de mine,Inje,28-02-1912,Besançon,,"Seyssinet-Pariset (38 - Isère, France)",,,,AC 35 R 258,Mort pour la France,"Service historique de la Défense, Caen"
UGUEN,Marcel Yves Marie,militaire,sergent,bataillon français de l'ONU (BF/ONU) - 1re compagnie,07-10-1952,Myojang Myon - région de Chorwon,Corée,tué par éclats d'obus,Arrowhead,14-01-1929,Croazon,"Kerlouan (29 - Finistère, France)","Kerlouan (29 - Finistère, France)",Rennes (35),,,AC 35 R 259,Mort pour la France,"Service historique de la Défense, Caen"
UM,Joo-Bok,militaire,soldat sud-coréen,bataillon français de l'ONU (BF/ONU) - 2e compagnie,10-1952,Arrowhead,Corée,,Arrowhead,,,,,,,,,Non Mort pour la France,"Service historique de la Défense, Caen"
VASSORT,Roland André,militaire,soldat,bataillon français de l'ONU (BF/ONU),06-10-1952,Myojang Myon,Corée,disparu au combat,Arrowhead,08-01-1932,Mans,"Mans (Le) (72 - Sarthe, France)",,Rennes (35),2982,1952,AC 35 R 260,Mort pour la France,"Service historique de la Défense, Caen"
VELAY,André Lucien,militaire,sergent,bataillon français de l'ONU (BF/ONU) - 1re compagnie,09-02-1953,,,des suites de blessures,Song-Kok,14-04-1928,Saint-Florent-sur-Auzonnet,"Uzès (30 - Gard, France)",Pusan (Corée),,,,AC 35 R 261,Mort pour la France,"Service historique de la Défense, Caen"
VENGUD,Roger Edmond,militaire,soldat,bataillon français de l'ONU (BF/ONU) - 3e compagnie,26-09-1951,,,des suites de blessures,Crèvecoeur,05-08-1929,Tébessa,Tchessa (Algérie),Tébessa (ex département de Constantine) (Algérie),,,,AC 35 R 262,Mort pour la France,"Service historique de la Défense, Caen"
VERGNON,Henri Daniel,militaire,soldat,bataillon français de l'ONU (BF/ONU) - 3e compagnie,06-08-1952,Inmong Myon - région de Chorwon,Corée,tué au combat,T-Bone,29-04-1929,Givors,"Saint-Maurice-sur-Dargoire (69 - Rhône, France)","Saint-Maurice-sur-Dargoire (69 - Rhône, France)",,,,AC 35 R 263,Mort pour la France,"Service historique de la Défense, Caen"
VIDAL,Robert,militaire,sergent,bataillon français de l'ONU (BF/ONU),05-03-1951,Munchi,Corée,tué au combat,cote 1037,22-05-1916,Toulouse,"Marseille (13 - Bouches-du-Rhône, France)",Pusan (Corée),,,,AC 35 R 264,Mort pour la France,"Service historique de la Défense, Caen"
VILVAUX,Jean Lucien,militaire,caporal-chef,bataillon français de l'ONU (BF/ONU),08-10-1952,Myojang Myon - hôpital américain,Corée,des suites de blessures,Arrowhead,03-12-1928,Neuville-sur-Ornain,,"Bar-le-Duc (55 - Meuse, France)",Nancy (54),8382,,AC 35 R 265,Mort pour la France,"Service historique de la Défense, Caen"
VINET,Guy Alexandre Lucien,militaire,volontaire,bataillon français de l'ONU (BF/ONU) - 3e compagnie,25-09-1951,,,tué par éclats d'obus,Crèvecoeur,27-12-1926,Saint-Léger-de-Montbrillais,Plouancey (86 - Vienne),"Plouancey (86 - Vienne, France)",,,,AC 35 R 266,Mort pour la France,"Service historique de la Défense, Caen"
VOUTSINAS,Alexandre,militaire,soldat,bataillon français de l'ONU (BF/ONU),05-03-1951,Munchi,Corée,des suites de blessures,cote 1037,01-04-1917,Tagaurog,"Meudon (78 - Yvelines (ex Seine-et-Oise), France)","Meudon (92 - Hauts-de-Seine (ex Seine et Seine-et-Oise), France)",,,,AC 35 R 267,Mort pour la France,"Service historique de la Défense, Caen"
YUN,Jae-Bok,militaire,soldat sud-coréen,bataillon français de l'ONU (BF/ONU) - 2e compagnie,10-1951,Crèvecoeur,Corée,,Crèvecoeur,,,,,,,,,Non Mort pour la France,"Service historique de la Défense, Caen"
